"RegionName","City","State","Metro","CountyName","SizeRank","2010-04","2010-05","2010-06","2010-07","2010-08","2010-09","2010-10","2010-11","2010-12","2011-01","2011-02","2011-03","2011-04","2011-05","2011-06","2011-07","2011-08","2011-09","2011-10","2011-11","2011-12","2012-01","2012-02","2012-03","2012-04","2012-05","2012-06","2012-07","2012-08","2012-09","2012-10","2012-11","2012-12","2013-01","2013-02","2013-03","2013-04","2013-05","2013-06","2013-07","2013-08","2013-09","2013-10","2013-11","2013-12","2014-01","2014-02","2014-03","2014-04","2014-05","2014-06","2014-07","2014-08","2014-09","2014-10","2014-11","2014-12","2015-01","2015-02","2015-03","2015-04","2015-05","2015-06","2015-07","2015-08","2015-09","2015-10","2015-11","2015-12","2016-01","2016-02","2016-03","2016-04","2016-05","2016-06","2016-07","2016-08","2016-09","2016-10","2016-11","2016-12","2017-01"
"Paradise","Las Vegas","NV","Las Vegas","Clark",1,,,,,,,,,,,,,,,,1150,1150,1100,1100,1100,1100,1100,1100,1095,1095,1100,1117.5,1100,1097,1075,1045,1050,1050,1050,1050,1095,1096.5,1100,1100,1100,1100,1125,1125,1100,1100,1100,1100,1100,1100,1125,1100,1150,1125,1125,1100,1100,1100,1141,1100,1150,1172.5,1195,1195,1200,1200,1195,1150,1200,1200,1200,1200,1247.5,1225,1230,1250,1250,1250,1200,1200,1255,1195,1250
"Maryvale","Phoenix","AZ","Phoenix","Maricopa",2,,,,,,875,862.5,850,885,845,847.5,839,850,850,850,850,825,845,849,825,800,825,850,850,850,850,859,850,850,850,850,875,850,850,895,850,850,850,850,850,850,850,850,869,850,845,850,850,865,875,895,877,895,875,875,895,895,895,895,898,895,895,899,905,912.5,900,900,935,900,895,940,907,950,937.5,950,947.5,900,975,900,897,895,950
"Upper West Side","New York","NY","New York","New York",3,,,,,,,,,,,,,,,,5150,5650,5172.5,5300,5500,5890,5990,6000,6000,5500,5490,5700,5750,5595,5700,6097.5,6100,6200,6000,5975,6000,5895,5500,5500,5295,4995,5500,5500,5200,5499,5500,5548,5700,5700,5299,5610,6500,6772.5,6795,6672.5,6500,6800,6795,6500,6795,6995,6500,6500,6595,6650,6500,6500,6495,6500,6295,6497.5,6500,6400,6495,6200,5885,5400,6250,6000,5995,6000,5834
"Upper East Side","New York","NY","New York","New York",4,,,,,,,,,,,,,4700,4572.5,4472.5,4300,4350,4450,4295,4495,4350,4400,4500,4495,4495,4250,4495,4495,4300,4495,4595,4595,4600,4650,4650,4695,4595,4500,4425,4495,4500,4900,4895,4800,4950,5000,5150,5300,5200,5025,5595,5795,6147.5,6272.5,6395,6500,6600,5645,5600,6000,6000,5500,5795,5697.5,5547.5,5495,5495,5550,5995,6000,6137,6000,6250,6397.5,5597.5,5400,5250,5247.5,5995,5947.5,5900,5597.5
"Sunrise Manor","Las Vegas","NV","Las Vegas","Clark",5,,,,,,,,,,,,,,,,925,900,925,922.5,900,895,896.5,899,895,900,925,900,900,900,900,900,900,895,895,899,900,900,900,900,900,900,899,895,899,899,899,900,900,905,950,935,925,925,950,950,950,940,925,950,950,950,950,950,950,950,950,975,975,950,950,985,995,975,974,1000,1025,975,1000,985,1000,997,995
"East New York","New York","NY","New York","Kings",6,,,,,,,,,,,,,,,1700,1600,1600,1600,1600,1600,1650,1650,1625,1675,1800,1800,1744,1750,1700,1700,1700,1700,1700,1750,1800,1750,1750,1750,1800,1816.5,1800,1750,1825,1800,1800,1800,1800,1800,1800,1775,2018.5,1800,1800,1800,1800,1800,1800,1800,1800,1900,1900,1900,1900,1925,1999.5,2000,2000,1900,2000,2000,2000,2000,1950,2000,2000,2000,2000,2000,2000,2200,2100,2000
"Spring Valley","Las Vegas","NV","Las Vegas","Clark",7,,,,,,,,,,1165,1200,1212.5,1237.5,1200,1200,1200,1195,1162.5,1150,1177.5,1150,1125,1100,1100,1100,1125,1100,1100,1100,1100,1100,1125,1150,1150,1150,1150,1150,1150,1125,1140,1125,1150,1150,1150,1150,1175,1190,1188,1186.5,1180,1175,1195,1200,1195,1195,1199,1199,1200,1200,1200,1225,1200,1212.5,1235,1250,1200,1245,1250,1275,1250,1225,1250,1232.5,1250,1295,1250,1250,1275,1250,1250,1250,1295
"Paradise Valley","Phoenix","AZ","Phoenix","Maricopa",8,,1412.5,1500,1595,1495,1437.5,1367.5,1299,1350,1300,1299.5,1300,1295,1300,1312.5,1295,1250,1200,1100,1158,1164.5,1200,1137.5,1175,1200,1250,1300,1200,1196.5,1200,1214.5,1200,1200,1199,1200,1200,1237,1250,1250,1250,1250,1295,1250,1250,1295,1300,1300,1300,1335,1349,1350,1329,1350,1325,1295,1295,1317.5,1338,1395,1350,1450,1380.5,1350,1350,1399.5,1415,1450,1328,1349,1497.5,1502.5,1487.5,1495,1428.5,1450,1400,1450,1389,1385,1337,1367,1354.5
"Deer Valley","Phoenix","AZ","Phoenix","Maricopa",9,,,,,1095,1050,1000,1100,1100,1175,1120,1147,1150,1150,1150,1185,1150,1095,1063,1050,1095,1099,1095,1095,1145,1128,1100,1058,1080,1075,1031,1077.5,1099,1095,1100,1100,1099,1100,1100,1099,1100,1100,1100,1100,1119,1109,1104.5,1150,1150,1195,1197,1150,1150,1150,1150,1150,1150,1150,1180,1195,1175,1195,1212.5,1200,1203,1250,1250,1322,1200,1250,1200,1242.5,1233.5,1225,1200,1195,1200,1250,1250,1250,1250,1250
"Washington Heights","New York","NY","New York","New York",10,,,,,,,,,,,,2195,2200,2200,2195,2250,2200,2200,2200,2212.5,2212.5,2250,2295,2295,2295,2300,2300,2300,2300,2250,2295,2295,2299,2299,2299,2325,2395,2400,2400,2475,2400,2400,2395,2389,2395,2395,2395,2395,2415,2500,2515,2400,2495,2500,2550,2495,2495,2550,2495,2400,2500,2500,2572.5,2525,2600,2700,2700,2635,2558,2600,2650,2600,2550,2500,2500,2500,2600,2595,2435,2595,2472.5,2650
"Astoria","New York","NY","New York","Queens",11,,,,,,,,,,,,,,,2100,2200,2400,2400,2400,2337.5,2400,2400,2495,2447.5,2500,2400,2400,2500,2600,2700,2600,2500,2600,2550,2550,2600,2600,2600,2600,2600,2672.5,2700,2800,2800,2700,2700,2700,2700,2800,2900,2900,2895,3000,3000,3000,2837.5,2800,2800,2800,2850,2900,2900,2850,2899.5,3000,2997,3000,3000,3000,3000,3000,3000,3000,3000,3000,3000,3000,3025,3195,3000,2950,2900
"North Mountain","Phoenix","AZ","Phoenix","Maricopa",12,,,,,,,899,899,962.5,900,950,995,995,975,975,975,975,975,950,950,897,899.5,900,919,947.5,975,950,925,957.5,950,937.5,950,950,930,962.5,987,999,975,975,977,965,975,995,992.5,995,995,975,975,975,995,1000,1000,1025,1050,1095,1095,1050,1000,995,995,995,1037.5,1095,1075,995,1050,1050,1055,1050,1050,1075,1100,1097,1025,1050,995,999,1038,1100,1050,995,1095
"Far North","Dallas","TX","Dallas-Fort Worth","Dallas",13,,,,,,,,,,,,1495,1500,1462.5,1597,1600,1485,1500,1397.5,1375,1404.5,1281,1235,1349.5,1354.5,1395,1450,1400,1475,1495,1375,1300,1365,1405,1347.5,1409,1451.5,1451,1475,1475,1432.5,1550,1597.5,1650,1595,1642.5,1687.5,1700,1617,1680,1800,1775,1650,1600,1709.5,1695,1695,1740,1697,1650,1695,1700,1750,1722,1724,1695,1700,1722,1750,1797.5,1736,1734,1716.5,1722,1711,1750,1800,1875,1837.5,1750,1745.5,1875
"Williamsburg","New York","NY","New York","Kings",14,,,,,,,,,,,,,,,3050,3050,2975,3000,3300,3200,3000,2900,3000,3099,3000,3150,3065,3200,3300,3300,3200,3200,3200,3300,3200,3195,3300,3496,3499,3500,3500,3500,3500,3500,3450,3400,3350,3400,3495,3550,3600,3500,3499,3500,3450,3500,3500,3500,3500,3500,3600,3825,3695,3658.5,3650,3800,3700,3700,3650,3700,3800,3800,3795,3650,3650,3600,3795,3747.5,3995,3800,3697.5,3806
"Bedford Stuyvesant","New York","NY","New York","Kings",15,,,,,,,,,,,1750,1849.5,1700,1700,1950,1950,1962.5,1925,1900,1900,1900,1950,1850,1900,1900,1997,2000,2000,2200,2100,2100,2000,2000,2100,2100,2200,2200,2450,2600,2598.5,2650,2599,2500,2500,2500,2550,2550,2595,2599,2500,2500,2599,2600,2699.5,2675,2670,2600,2550,2600,2600,2600,2700,2650,2699,2700,2795,2750,2800,2799,2800,2795,2750,2700,2795,2800,2800,2800,2799.5,2880,2850,2750,2800
"East Side","El Paso","TX","El Paso","El Paso",16,,,,,,,,,,,,,1100,1050,1025,1025,995,1025,1050,1000,995,1050,1050,1100,1150,1100,1100,1100,1050,1025,1000,995,975,975,975,975,995,1000,1000,1000,1000,1000,1000,950,995,975,975,975,975,950,995,995,995,955,995,1000,1000,1000,1000,1035,1087.5,1040,1095,1095,1050,1000,1050,1025,1000,1000,1000,1000,1010,1037.5,995,1062.5,1000,995,1025,975,975,997.5
"Camelback East","Phoenix","AZ","Phoenix","Maricopa",17,,,,,,,,,,,,,,,,1195,1200,1272.5,1300,1200,1200,1300,1200,1220,1251,1200,1250,1385,1200,1181.5,1209,1120,1158,1250,1195,1200,1200,1211,1273,1275,1200,1219,1295,1400,1350,1350,1300,1357.5,1395,1500,1485,1300,1325,1422.5,1350,1325,1300,1300,1395,1450,1495,1450,1485,1401,1541,1500,1495,1370.5,1495,1495,1400,1451,1500,1443,1495,1447.5,1575,1500,1522.5,1397.5,1300,1440
"Flatbush","New York","NY","New York","Kings",18,,,,,,,,,,,,,,,,1850,1895,1900,1875,1819.5,1725,1700,1700,1700,1750,1700,1900,1900,1850,1850,1899.5,1816,1858,1900,1950,1900,1900,2075,2174.5,2200,2399,2299,2100,2099,2200,2100,2150,2150,2200,2150,2150,2200,2100,2150,2300,2295,2100,2100,2199,2300,2350,2425,2375,2325,2375,2375,2350,2300,2300,2400,2400,2400,2399,2350,2400,2400,2400,2500,2400,2350,2350,2400
"Crown Heights","New York","NY","New York","Kings",19,,,,,,,,,,,,,,,,,,,,,,,,,2550,2499,2462.5,2400,2400,2500,2499,2300,2300,2300,2499,2500,2500,2650,2700,2789,2800,2800,2789,2695,2600,2650,2699,2650,2600,2650,2750,2799,2800,2850,2900,2900,2850,2800,2795,2750,2750,2800,2800,2800,2800,2799,2875,2800,2800,2800,2850,2895,2899,2950,2895,2850,2900,3000,3200,3000,2750,2799
"Southeast Dallas","Dallas","TX","Dallas-Fort Worth","Dallas",20,,,,,,,,,,,995,1050,962.5,900,950,912.5,845,875,995,995,950,950,900,900,950,950,995,998,1000,995,951.5,950,950,969,998,995,1000,1000,975,995,950,962.5,950,950,950,950,1000,1049,1050,1050,1075,1050,1050,1050,1062.5,1050,1075,1050,1025,1062.5,1000,1000,1000,1050,1012.5,995,980,1005,980,975,975,975,1098,1125,1072.5,1100,1010,1095,1037.5,1095,1013,1072.5
"Harlem","New York","NY","New York","New York",21,,,,,,,,,,,,,,,,,,,,2500,2500,2500,2400,2400,2250,2225,2300,2325,2495,2400,2500,2500,2400,2200,2300,2500,2600,2695,2700,2695,2637.5,2500,2500,2550,2495,2525.5,2600,2650,2750,2872.5,2800,2795,2800,2887.5,2899.5,2700,2700,2700,2675,2600,2685,2700,2897.5,2925,2997,3000,2900,2900,2900,2900,2947.5,2900,2900,3000,2897.5,2850,3000,2850,2906,3000,2695,2962.5
"East Harlem","New York","NY","New York","New York",22,,,,,,,,,,,,,,,,2960,3150,2900,2797.5,2895,3000,3095,2995,3000,3200,3275,3450,3300,3300,3400,3495,3495,3300,3300,3300,3300,3299,3347.5,3395,3295,3295,3450,3450,3395,3450,3397,3325,3395,3395,3395,3400,3400,3300,3300,3397.5,3347.5,3395,3150,3200,3000,3000,3500,3450,3400,3420,3400,3440,3397,3300,3300,3345,3495,3499.5,3400,3495,3295,3495,3500,3495,3500,3450,3450
"Bushwick","New York","NY","New York","Kings",23,,,,,,,,,,,,,,,1700,1800,1800,1950,1875,1825,1800,1750,1750,1800,1800,1800,2100,2185,2200,2250,2200,2195,2150,2150,2100,2200,2400,2500,2500,2500,2699,2699,2600,2600,2600,2550,2550,2500,2500,2500,2500,2550,2650,2675,2600,2600,2600,2700,2700,2700,2697,2650,2700,2800,2800,2800,2800,2800,2800,2799,2800,2800,2894,2886,2899,2900,2900,2900,2925,2875,2850,2850
"East Flatbush","New York","NY","New York","Kings",24,,,,,,,,,,,,,,,,,,,,,,,,,,,,,,,,,,,,,,,,,,,1991,1900,1900,1995,1900,1900,1900,1950,1950,1900,1900,1900,1900,1900,2000,2000,2000,2000,2050,2100,2100,2025,2050,2000,2047.5,2100,2099,2095,2062.5,2000,2000,2100,2100,2200,2150,2100,2100,2199,2225,2325
"Enterprise","Las Vegas","NV","Las Vegas","Clark",25,1150,1150,1075,1100,1132,1164,1195,1175,1125,1195,1200,1200,1197.5,1200,1200,1195,1200,1200,1200,1200,1195,1197.5,1195,1195,1195,1195,1200,1195,1195,1195,1175,1150,1150,1150,1175,1195,1195,1195,1199,1200,1195,1195,1195,1195,1195,1195,1195,1195,1195,1200,1200,1250,1225,1245,1200,1200,1200,1250,1225,1212.5,1225,1225,1250,1250,1270,1250,1250,1250,1250,1250,1275,1275,1260,1295,1285,1295,1295,1275,1295,1295,1261.5,1300
"South Mountain","Phoenix","AZ","Phoenix","Maricopa",26,,,,,,,,950,900,985,995,995,985,975,995,950,940,925,950,925,895,900,962.5,995,975,900,950,995,999,999,950,950,950,977,995,995,950,985,986,975,950,997.5,950,975,975,950,975,995,995,995,995,995,995,995,995,1000,1020,985,1025,1050,1050,1049.5,1012.5,1050,1037,950,995,1009,1017,995,950,950,999,1025,1000,1044.5,1025,1075,999.5,971.5,1065,1049.5
"East Memphis-Colonial-Yorkshire","Memphis","TN","Memphis","Shelby",27,,,,,,,,,,,,,,,995,995,1112.5,1000,1000,962.5,972.5,1095,1100,1100,1095,1097.5,1030,1047.5,897.5,965,895,850,850,800,850,862.5,877.5,950,950,925,900,950,950,895,897.5,897.5,825,800,800,875,895,875,875,875,875,900,895,895,875,875,895,895,850,850,875,865,870,895,925,900,885,895,925,985,899,925,950,975,950,1025,935,895
"Sunset Park","New York","NY","New York","Kings",28,,,,,,,,,,,,,,,,,,,,,1775,1650,1850,1900,1900,1800,1800,1850,1900,1800,1800,1775,1725,2000,2000,2100,2100,2000,2100,2100,2200,2200,2200,2150,2200,2100,2200,2200,2200,2225,2250,2100,2100,2100,2100,2100,2200,2000,2100,2200,2200,2200,2200,2200,2200,2300,2400,2300,2204,2204,2300,2299,2300,2295.5,2400,2400,2400,2400,2400,2700,2400,2400
"South Side","Corpus Christi","TX","Corpus Christi","Nueces",29,,,,,,,,,,,,,,,,,,,,,,,,,,,,,,,,,,,,,,,,,,,1649.5,1625,1650,1650,1650,1600,1560,1550,1495,1550,1555,1480,1700,1650,1550,1599,1575,1650,1700,1650,1525,1572.5,1600,1450,1472.5,1512.5,1550,1600,1450,1497.5,1552.5,1625,1650,1650,1650,1489.5,1600,1462.5,1495,1550
"Alief","Houston","TX","Houston","Harris",30,,,,,,,,,,,,,,,,,,,,,,,,,,,,,1000,995,850,959,920,900,950,962,1044,1100,1100,975,1100,1150,1124.5,1157.5,1099,1075,1062.5,1100,1175,1197.5,1150,1165,1200,1200,1200,1200,1170,1170,1200,1224,1224.5,1200,1250,1200,1225,1250,1250,1250,1250,1200,1250,1250,1278,1199,1250,1300,1299,1237,1275,1300,1250,1300
"Bullard","Fresno","CA","Fresno","Fresno",31,,,,,,,,,,,,,,,,,,,,,,1150,1092,1095,1195,1195,1150,1150,1185,1150,1147.5,1195,1150,1119,1100,1119,1150,1195,1195,1172.5,1240,1225,1250,1195,1175,1162.5,1195,1195,1195,1210,1200,1250,1237.5,1200,1200,1250,1249.5,1255,1295,1272.5,1295,1250,1250,1262.5,1295,1250,1295,1295,1250,1200,1225,1250,1212.5,1250,1250,1250,1300,1295,1285,1325,1295,1300
"Bensonhurst","New York","NY","New York","Kings",32,,,,,,,,,,,,,,,,,,,,,,,,,,,,,,,,,,,,,,,,,1950,1975,1900,1800,1900,1800,1800,1800,1900,2000,1900,2000,2000,1900,1990,2100,2250,2100,2000,2100,2195,2200,2200,2100,2199,2100,2100,2075,2100,2100,2000,2000,2000,2100,2100,2225,2200,2199,2200,2400,2300,2300
"Northeast","El Paso","TX","El Paso","El Paso",33,,,,,,,,,,,,,,,,,,,,,,,1050,1150,997.5,1050,1100,1000,947.5,975,995,995,995,945,945,950,950,975,997.5,1000,995,995,962.5,982,985,982,978.5,950,955,995,995,995,950,950,950,950,950,950,950,995,995,999.5,1000,995,995,990,975,950,950,975,975,995,995,950,1000,975,985,950,999,950,950,950
"West San Jose","San Jose","CA","San Jose","Santa Clara",34,,,,,,,,,,,,,,,,,,,,,,,,,,,,,,,,,,,,,,,,,,,,,,,,,,,,,,,2999.5,2995,3095,3156.5,3195,3100,3195,3400,3600,3547.5,3400,3397.5,3300,3375,3425,3595,3500,3500,3525,3599,3422,3379,3379,3400,3375,3200,3085,3250
"White Haven-Coro Lake","Memphis","TN","Memphis","Shelby",35,,,,,,,,,,,,,,,,,,,,,,,,,,,,,,,,,750,709,717,725,725,725,750,772.5,755.5,795,775,797.5,825,795,795,795,795,750,795,795,795,795,795,795,750,750,750,795,795,795,797,795,750,795,795,795,750,750,780,795,797,810,825,750,800,775,750,795,850,800
"East","Arlington","TX","Dallas-Fort Worth","Tarrant",36,,,,,,,,,,,,,,,,995,912.5,900,897.5,895,920,927,950,919,919,919,950,950,950,945,922.5,910,920,950,950,925,950,995,990,1000,995,995,999,1050,1050,1075,1095,1075,1075,1100,1095,1150,1100,1100,1137.5,1150,1150,1110,1125,1150,1150,1129,1150,1137.5,1110,1150,1195,1225,1195,1150,1195,1170,1225,1292.5,1212.5,1197.5,1240,1195,1230,1215,1197.5,1250
"Lower East Side","New York","NY","New York","New York",37,,,,,,,,,,,,3097.5,3375,3710,3600,3750,3770,3940,3945,3750,3690,3600,3772.5,3900,3920,4122.5,4047.5,4200,4500,4750,4550,4200,4200,4400,4422.5,4390,4300,4295,4350,4250,4225,4495,4450,4350,4370,4500,4500,4500,4500,4495,4495,4500,4672.5,4595,4500,4500,4500,4400,4622.5,4500,4500,4697.5,4695,4797.5,4800,4800,4685,4662.5,4662.5,4625,4695,4897.5,4895,4700,4945,4795,4760,4600,4945,4695,4672.5,4787.5
"Canarsie","New York","NY","New York","Kings",38,,,,,,,,,,,,,,,,,,,,,,,,,,,1833,1895,1800,1800,1800,1800,1900,1937.5,1900,1850,1800,1800,1800,1900,1825,1800,1800,1800,1785,1800,1800,1800,1800,1750,1750,1800,1800,1800,1800,1800,1800,1850,1900,1900,1900,1900,1900,1950,2000,2000,2100,2100,2100,2000,2000,2100,2000,2100,2000,2075,2200,2100,2100,2000,2199.5,2200
"Northwest","El Paso","TX","El Paso","El Paso",39,,,,,,,,,,,,1500,1475,1387.5,1350,1300,1300,1322.5,1350,1300,1300,1300,1297.5,1350,1400,1350,1350,1300,1400,1350,1382.5,1325,1300,1367.5,1300,1350,1325,1300,1300,1350,1300,1300,1250,1280,1300,1250,1295,1250,1250,1292.5,1325,1300,1250,1250,1250,1250,1250,1250,1250,1250,1250,1325,1349,1297.5,1297.5,1225,1250,1225,1200,1250,1250,1250,1250,1200,1350,1250,1300,1250,1200,1250,1250,1250
"Southeast","Arlington","TX","Dallas-Fort Worth","Tarrant",40,,,,,,,,,,,1285,1225,1222.5,1250,1285,1250,1197.5,1195,1200,1200,1175,1185,1200,1250,1250,1195,1200,1225,1250,1200,1200,1250,1250,1200,1245,1255,1267.5,1275,1295,1288,1275,1250,1250,1250,1250,1250,1225,1237.5,1250,1295,1295,1300,1281,1295,1295,1300,1295,1300,1345,1345,1350,1350,1350,1395,1400,1395,1394.5,1395,1395,1375,1375,1375,1350,1385,1425,1395,1442.5,1395,1450,1387.5,1447,1450
"Logan Square","Chicago","IL","Chicago","Cook",41,,,,,,,,,,,,,,,1472.5,1495,1495,1495,1495,1495,1495,1497.5,1562.5,1645,1750,1800,1650,1590,1600,1700,1595,1472.5,1600,1500,1550,1550,1650,1795,1795,1850,1875,1950,1800,1800,1725,1800,1800,1800,1950,1995,1900,1895,1900,1885,1800,1799,1650,1700,1800,1612.5,1890,1900,1995,1995,1885,1850,1800,1800,1800,1850,1850,1895,1900,1995,2047.5,2000,2000,2095,1985,1922.5,1850,1947.5
"South Scottsdale","Scottsdale","AZ","Phoenix","Maricopa",42,,,,,,,,,,,1850,1800,1850,1650,1800,1699,1675,1600,1750,1700,1700,1597.5,1595,1500.5,1495,1495,1595,1550,1495,1495,1445,1495,1450,1475,1495,1495,1475,1485,1500,1500,1500,1597.5,1500,1597.5,1500,1560,1575,1550,1560,1624.5,1600,1624.5,1665.5,1762,1675,1700,1800,1825,1875,1780.5,1744,1700,1700,1799,1712,1895,1900,1900,1895,1950,1875,1796,1886,1925,1937.5,1750,1675,1650,1649.5,1695,1735,1975
"Flushing","New York","NY","New York","Queens",43,,,,,,,,,,,,,,,,,,,,,,,,,,,,,,,,,,,,,,,,,,,,,,,,,,,,2300,2305,2300,2400,2295,2295,2285,2350,2300,2225,2250,2250,2325,2400,2400,2350,2400,2275,2595,2500,2497,2475,2500,2250,2400,2450,2450,2500,2450,2450,2300
"Ahwatukee Foothills","Phoenix","AZ","Phoenix","Maricopa",44,,,,,,,,,,,1325,1300,1295,1295,1250,1250,1250,1200,1195,1195,1195,1250,1250,1195,1200,1150,1250,1237.5,1225,1225,1190,1150,1185,1250,1250,1247,1250,1288,1279.5,1240,1200,1280,1295,1362.5,1342,1350,1350,1350,1350,1350,1350,1350,1350,1300,1300,1300,1375,1375,1350,1350,1350,1350,1350,1399,1395,1350,1350,1350,1375,1400,1395,1409,1397,1397,1400,1350,1394,1395,1351,1367,1394.5,1400
"Murray Hill","New York","NY","New York","Queens",45,,,,,,,,,,,,,,,,,,,,,,,,,,,,,,,,,,,,,,,2090,2100,2100,2100,2000,1950,2000,2000,2000,2000,2000,2100,2100,2100,2200,2200,2200,2200,2200,2200,2200,2200,2150,2200,2300,2450,2300,2200,2200,2200,2250,2280,2300,2375,2300,2300,2275,2300,2400,2295,2300,2400,2500,2400
"Sheepshead Bay","New York","NY","New York","Kings",46,,,,,,,,,,,,,,,,,,,,,,,,,,,,,,,,,,,,,,,,2200,2297.5,2300,2000,2050,2000,2100,1900,1900,1900,2000,2200,2300,2300,2300,2200,2000,2212.5,2200,2200,2200,2200,2200,2250,2300,2380,2380,2397,2325,2300,2100,2100,2150,2000,2300,2250,2300,2000,2299,2200,2500,2300,2300
"West","Arlington","TX","Dallas-Fort Worth","Tarrant",47,,,,,,,,,,,,,,,1150,1095,995,1095,1100,1082.5,1095,1100,1122.5,1072.5,1095,1095,1100,1097.5,1135,1100,1100,1100,1125,1100,1150,1150,1137.5,1150,1172.5,1156.5,1106.5,1150,1150,1150,1150,1150,1177.5,1195,1195,1200,1250,1250,1250,1250,1249.5,1200,1200,1297.5,1299,1250,1295,1297.5,1312.5,1350,1337.5,1325,1275.5,1295,1350,1350,1395,1350,1385,1347.5,1350,1425,1350,1400,1425,1372.5,1397.5,1400
"Forest Hills","New York","NY","New York","Queens",48,,,,,,,,,,,,,,,,,,,,,,,,2495,2495,2495,2645,2745,3200,2995,2895,2787.5,2800,2800,2837.5,2695.5,2737.5,2672.5,2999.5,3200,3000,3000,3000,3000,3000,2897.5,3000,2895,2895,2944,2800,2800,3000,3200,3200,3000,3000,2999,3125,3125,3100,2900,2995,2927.5,2799,2799,2799,3000,3000,3000,2800,2800,2850,3200,2799,3200,3050,3200,3250,3100,3000,2928
"East Village","New York","NY","New York","New York",49,,,,,,,,,,,3195,3497.5,3697.5,3750,3650,3700,3800,3800,4000,3995,4000,4150,4095,4000,3995,4200,4250,4200,4200,4250,4250,4295,4250,4295,4295,4299,4300,4287.5,4295,4300,4250,4250,4250,4300,4350,4350,4400,4400,4400,4500,4495,4600,4500,4400,4400,4400,4425,4772.5,4800,4895,4700,4500,4650,4570,4500,4450,4495,4500,4495,4500,4500,4500,4595,4595,4750,4700,4599,4500,4400,4495,4350,4495
"West Rogers Park","Chicago","IL","Chicago","Cook",50,,,,,,,,,,,,,,,,1300,1300,1495,1400,1495,1495,1400,1400,1450,1450,1450,1500,1495,1500,1500,1500,1425,1425,1450,1450,1500,1500,1600,1500,1400,1500,1595,1595,1595,1550,1500,1500,1500,1500,1500,1597.5,1550,1600,1595,1600,1550,1550,1570,1595,1500,1600,1587.5,1550,1600,1600,1580,1550,1595,1500,1500,1500,1500,1492.5,1500,1597.5,1572.5,1485,1500,1600,1595,1500,1500
"Cordova-Appling","Memphis","TN","Memphis","Shelby",51,,,,,,,,,,,,,,,,1150,1150,1175,1095,1095,1125,1095,1100,1100,1095,1100,1120.5,1125,1100,1095,1097.5,1100,1145,1067.5,1095,1100,1100,1095,1100,1150,1095,1092.5,1095,1100,1100,1112.5,1100,1125,1125,1175,1165,1150,1125,1145,1150,1125,1150,1160,1175,1175,1195,1175,1195,1195,1195,1152.5,1195,1195,1195,1195,1200,1227.5,1220,1195,1199,1195,1174.5,1197.5,1150,1195,1195,1195
"Eldridge - West Oaks","Houston","TX","Houston","Harris",52,,,,,,,,,,,,,,,,,,,,,,,,,,,,,,,,,,,,,,,,,,,,,,,1987.5,1975,1950,2000,2200,2099.5,2200,2029.5,1746,1853,1900,2000,2075,2000,2075,1913.5,1900,1997.5,1925,1845,1845,1700,1709.5,1800,1775,1800,1755,1699.5,1895,1700,1720,1725,1771,1655,1700,1639
"Ridgewood","New York","NY","New York","Queens",53,,,,,,,,,,,,,,,,,,,,,,,,,,,,,,,,,,,,,,,,,,,,,,,,,,,2495,2300,2200,2200,2300,2350,2460,2407.5,2400,2400,2400,2400,2500,2500,2600,2600,2550,2625,2600,2550,2700,2799,2850,2850,2850,2800,2695,2799,2800,2748,2694.5,2694
"Hickory Ridge-South Riverdale","Memphis","TN","Memphis","Shelby",54,,,,,,,,,,,,,,,,,,,,,,,,,,,,900,900,875,895,950,900,895,905,925,925,950,950,950,900,895,895,895,950,975,950,950,950,950,950,950,925,950,950,950,950,950,950,950,950,925,950,950,950,950,950,975,950,950,975,995,982.5,975,995,950,975,950,995,975,975,975
"South Dorchester","Boston","MA","Boston","Suffolk",55,,,,,,,,,,,,,,,,,1550,1580,1550,1550,1550,1570,1600,1650,1600,1700,1600,1650,1700,1675,1700,1683.5,1700,1700,1700,1700,1700,1700,1700,1650,1700,1700,1700,1750,1700,1772.5,1800,1762.5,1762.5,1700,1700,1700,1825,1750,1750,1750,1750,1800,1800,1900,1900,1900,1900,1900,1950,1950,1950,1950,1900,1900,2000,2000,2000,2100,2000,2100,2100,1950,2100,2000,2100,2100
"Princess Anne","Virginia Beach","VA","Virginia Beach","Virginia Beach City",56,,,,,,,,,,1525,1500,1500,1500,1500,1545,1500,1537.5,1500,1500,1495,1495,1500,1500,1512.5,1550,1550,1575,1575,1550,1537.5,1500,1500,1500,1500,1485,1495,1500,1595,1595,1595,1545,1497.5,1495,1495,1450,1450,1485,1500,1500,1550,1557.5,1595,1545,1550,1550,1550,1575,1562.5,1550,1525,1500,1595,1595,1575,1595,1550,1575,1550,1562.5,1595,1550,1550,1550,1575,1595,1562.5,1600,1595,1600,1525,1570,1597.5
"Southeast Colorado Springs","Colorado Springs","CO","Colorado Springs","El Paso",57,,,,,,,,,,,,,,1095,1095,1050,1072.5,1095,1050,1095,1050,1050,1085,1095,1095,1095,1072.5,1095,1095,1095,1050,1050,1050,1050,1095,1100,1100,1150,1100,1100,1100,1100,1100,1097.5,1085,1095,1095,1095,1095,1100,1100,1100,1100,1100,1150,1122.5,1125,1100,1100,1095,1100,1150,1195,1200,1200,1150,1150,1150,1162.5,1195,1150,1195,1162.5,1195,1245,1195,1212.5,1247.5,1250,1250,1275,1250
"Northwest Raleigh","Raleigh","NC","Raleigh","Wake",58,,,,,,,,,,1245,1247.5,1250,1250,1250,1250,1282,1295,1295,1170,1137.5,1200,1190,1177.5,1200,1187,1199.5,1225,1260,1240,1235,1163,1180,1156,1165,1216,1216,1219,1250,1250,1275,1295,1320,1300,1319,1300,1300,1350,1300,1300,1295,1322,1299.5,1295,1300,1325,1309,1295,1306.5,1350,1362.5,1350,1350,1350,1325,1370,1350,1300,1377.5,1395,1391,1385,1357.5,1414,1399,1469,1448.5,1393,1389,1375,1266.5,1300,1313
"Kingwood","Houston","TX","Houston","Harris",59,,,,,,,,,,,,,,,,,,,,,,,,1275,1400,1400,1425,1410,1300,1375,1325,1375,1365,1250,1390,1335,1445,1485,1300,1462.5,1422.5,1450,1450,1495,1350,1428,1500,1500,1512,1400,1450,1450,1450,1495,1500,1550,1555,1600,1543.5,1500,1487.5,1600,1642.5,1617.5,1662.5,1675,1550,1550,1580,1595,1550,1625,1580.5,1597.5,1515,1600,1550,1500,1550,1450,1450,1545
"Northeast Colorado Springs","Colorado Springs","CO","Colorado Springs","El Paso",60,,,,,,,,,,,,,,,,,,,,,,,,1200,1195,1225,1200,1200,1172.5,1185,1150,1200,1195,1155,1172,1150,1195,1195,1200,1250,1250,1225,1200,1250,1250,1250,1250,1250,1250,1272.5,1237.5,1295,1250,1295,1250,1250,1295,1262,1250,1295,1285,1295,1300,1300,1300,1250,1297.5,1285,1300,1325,1325,1375,1300,1312.5,1325,1362.5,1397.5,1395,1350,1350,1350,1395
"Woodward Park","Fresno","CA","Fresno","Fresno",61,,,,,,,,,,,,,,,,,,,,,,,,,,,1357.5,1385,1350,1365,1475,1450,1450,1450,1425,1425,1500,1472.5,1400,1495,1400,1400,1400,1400,1395,1395,1395,1395,1374,1395,1450,1400,1395,1400,1450,1400,1395,1400,1412.5,1400,1400,1437.5,1472.5,1500,1500,1495,1495,1495,1495,1400,1450,1450,1490,1495,1495,1462.5,1495,1500,1450,1495,1500,1535
"Park Slope","New York","NY","New York","Kings",62,,,,,,,,,,,,,,,,,,,,,,,,3200,3200,3290,3400,3500,3500,3400,3300,3250,3250,3300,3400,3300,3300,3395,3500,3300,3300,3295,3250,3800,3950,3799.5,3747.5,3800,3800,3799.5,3850,3750,3650,3700,3500,3500,3600,3800,3700,3900,3700,3572.5,3650,3785,3700,3600,3600,3750,3600,3600,3550,3550,3500,3600,3700,3650,3786.5,3900,3575,3575,3400,3625
"Albany Park","Chicago","IL","Chicago","Cook",63,,,,,,,,,,,,,,,,,,,,,,,,,,,1450,1400,1500,1300,1300,1300,1350,1350,1400,1497.5,1350,1400,1400,1500,1600,1550,1497.5,1400,1475,1475,1500,1500,1500,1500,1500,1550,1500,1550,1500,1437.5,1425,1435,1495,1495,1575,1600,1600,1600,1650,1625,1600,1575,1507.5,1500,1500,1600,1612.5,1650,1650,1600,1650,1644,1600,1600,1600,1595
"Central Colorado Springs","Colorado Springs","CO","Colorado Springs","El Paso",64,,,,,,,,,,,,,,,,,,,,,,,,,,,,,1125,1150,1100,1097.5,1100,1100,1150,1150,1150,1112.5,1150,1150,1150,1195,1220,1195,1190,1150,1150,1150,1125,1150,1150,1150,1195,1195,1195,1195,1175,1195,1200,1185,1197.5,1200,1195,1225,1245,1245,1250,1235,1245,1235,1225,1195,1195,1195,1225,1295,1325,1295,1295,1300,1350,1272.5
"Gramercy","New York","NY","New York","New York",65,,,,,,,,,,,,,,,3997.5,4295,4395,4395,4395,4495,4495,4325,4200,4200,4200,4200,4299,4300,4495,4400,4500,4500,4600,4570,4600,4600,4600,4650,4600,4665,4650,4600,4695,4650,4795,4650,4695,4700,4650,4500,4695,5297.5,5295,5295,5325,5325,5325,5300,5200,5197.5,5195,5075,5128.5,5087.5,5200,5295,5212.5,5200,5200,5200,5200,5195,5050,5000,5100,5000,5037.5,5200,5350,5095,5000,5178.5
"Bay Ridge","New York","NY","New York","Kings",66,,,,,,,,,,,,,,,,1850,1900,2000,2200,2000,1950,1875,1850,1900,2000,2100,2000,2100,2300,2200,2100,2100,2300,2200,2050,2200,2200,2000,2200,2300,2300,2300,2300,2400,2400,2300,2300,2200,2200,2275,2300,2300,2400,2500,2300,2300,2300,2300,2300,2350,2500,2500,2500,2500,2500,2500,2400,2400,2400,2400,2350,2400,2462.5,2400,2500,2500,2400,2500,2487.5,2500,2500,2500
"Rogers Park","Chicago","IL","Chicago","Cook",67,,,,,,,,,,,,1495,1400,1450,1400,1510,1500,1500,1500,1475,1475,1475,1475,1525,1500,1500,1497.5,1625,1625,1500,1400,1400,1450,1500,1450,1500,1500,1500,1525,1600,1500,1600,1600,1500,1550,1600,1550,1500,1550,1600,1600,1637.5,1650,1600,1550,1550,1500,1550,1562.5,1550,1650,1650,1600,1600,1625,1600,1585,1600,1500,1600,1600,1602.5,1605,1650,1750,1697.5,1750,1750,1600,1650,1650,1680
"The Heights","Jersey City","NJ","New York","Hudson",68,,,,,,,,,,,,1675,1725,1800,1800,1750,1700,1700,1600,1550,1600,1625,1672.5,1750,1725,1700,1700,1750,1700,1700,1700,1700,1700,1700,1700,1650,1800,1800,1800,1750,1675,1750,1650,1500,1600,1800,1800,1800,1800,1900,1950,1800,2000,1750,1700,1795,1700,1800,1825,2000,1950,1950,2000,2100,2100,2150,2150,2150,2100,2150,2150,2037.5,2100,2150,2200,2125,2100,2125,2150,2000,2100,2150
"Raleigh","Memphis","TN","Memphis","Shelby",69,,,,,,,,,,,,,,,,,,850,810,750,750,750,795,797.5,797.5,862.5,835,795,795,760,750,750,780,795,795,790,775,775,795,800,810,800,795,812.5,825,825,825,825,825,795,795,795,795,795,795,797.5,825,797.5,795,795,795,800,800,812.5,795,795,795,775,795,797.5,825,850,825,825,850,885,850,850,850,875,895,850
"Kempsville","Virginia Beach","VA","Virginia Beach","Virginia Beach City",70,,,,,,,,,,1200,1250,1250,1250,1325,1300,1297.5,1250,1250,1250,1250,1200,1250,1250,1295,1295,1295,1275,1275,1275,1295,1295,1295,1262.5,1295,1270,1270,1299,1295,1295,1275,1250,1250,1250,1250,1285,1250,1250,1250,1250,1295,1295,1295,1267.5,1295,1295,1300,1300,1297.5,1295,1295,1300,1350,1309,1300,1300,1297.5,1300,1295,1295,1275,1250,1247.5,1252.5,1295,1295,1300,1297.5,1300,1295,1310,1300,1295
"Bath Beach","New York","NY","New York","Kings",71,,,,,,,,,,,,,,,,,,,,,,,,,,,,,,,,,,,,,,,,,,1950,1900,1865,1850,1900,1900,1850,1850,1900,1900,1950,2000,1900,2000,2000,2000,2000,2000,2000,2000,2025,2100,2200,2100,2100,2100,2000,2000,2195,2200,2100,2000,2100,2100,2200,2200,2200,2200,2200,2200,2200
"Centennial Hills","Las Vegas","NV","Las Vegas","Clark",72,,,,,,,,,,1195,1150,1195,1150,1150,1195,1195,1150,1150,1150,1100,1100,1095,1097.5,1095,1095,1092.5,1075,1100,1100,1095,1095,1050,1075,1075,1050,1050,1082.5,1095,1100,1095,1100,1100,1100,1100,1100,1100,1095,1095,1095,1100,1100,1100,1150,1150,1150,1125,1150,1150,1150,1195,1152.5,1195,1175,1195,1150,1175,1195,1175,1162.5,1185,1200,1197,1175,1199.5,1227.5,1225,1195,1195,1220,1247.5,1195,1235
"Roxbury","Boston","MA","Boston","Suffolk",73,,,,,,,,,,,,,,,,,1595,1585,1595,1595,1595,1625,1625,1700,1800,1800,1875,1800,1925,1800,1800,1725,1887.5,1800,1800,1800,1800,2000,1975,2000,2100,1825,1875,1875,1900,1850,2100,2100,2150,2200,2225,2200,2100,2100,2100,2100,2195,2400,2400,2450,2450,2400,2400,2400,2400,2400,2200,2250,2400,2500,2625,2650,2650,2600,2600,2500,2500,2475,2275,2300,2300,2600
"Lone Mountain","Las Vegas","NV","Las Vegas","Clark",74,,,,,,,,,,,,,,1100,1100,1150,1100,1100,1100,1075,1075,1095,1050,1050,1095,1097.5,1100,1100,1100,1095,1075,1050,1050,1050,1050,1075,1100,1095,1122.5,1100,1100,1095,1095,1100,1100,1100,1100,1100,1100,1100,1150,1175,1175,1150,1150,1174,1150,1100,1150,1150,1195,1172.5,1150,1195,1195,1195,1195,1195,1195,1195,1195,1197.5,1200,1200,1200,1220,1200,1195,1170,1200,1215,1200
"Summerlin North","Las Vegas","NV","Las Vegas","Clark",75,,,,,,,,,,,,,,1425,1350,1350,1396.5,1350,1350,1300,1350,1325,1350,1327.5,1295,1300,1350,1350,1350,1300,1295,1299.5,1300,1323,1350,1350,1377.5,1350,1350,1350,1350,1350,1350,1350,1362.5,1350,1350,1300,1350,1395,1395,1385,1375,1400,1395,1395,1400,1395,1450,1400,1450,1400,1400,1395,1445,1400,1401.5,1400,1400,1409,1450,1450,1495,1400,1500,1462,1450,1450,1450,1450,1435,1485
"Bayside","New York","NY","New York","Queens",76,,,,,,,,,,,,,,,,,,,,,,,,,,,,,,,,,2100,2100,2200,2000,2000,2000,2100,2100,2000,2099.5,2200,2300,2300,2200,2200,2199.5,2200,2200,2200,2225,2300,2400,2400,2300,2300,2300,2300,2300,2250,2300,2300,2400,2400,2400,2400,2400,2400,2400,2400,2400,2400,2400,2450,2400,2500,2500,2400,2400,2350,2400
"Gresham","Chicago","IL","Chicago","Cook",77,,,,,,,,,,,,,,,,,1050,1000,965,1000,1000,975,950,950,1000,1050,1050,1100,1100,1050,1000,975,1000,1015,1100,1100,1100,1100,1100,1025,1100,1100,1000,1000,1025,1100,1100,1100,1100,1100,1100,1100,1100,1100,1100,1100,1100,1100,1100,1150,1100,1100,1100,1150,1100,1150,1150,1172.5,1150,1132.5,1150,1150,1150,1150,1100,1100,1127.5,1150,1150,1137.5,1150,1197.5
"Maspeth","New York","NY","New York","Queens",78,,,,,,,,,,,,,,,,,,,,,,,,,,,,,,,,,,,,,,,,,,,,,,,,,,,,,,,,,,,,,,,,,,,2300,2300,2250,2200,2200,2300,2400,2300,2300,2300,2300,2400,2200,2400,2450,2300
"Hamilton Heights","New York","NY","New York","New York",79,,,,,,,,,,,,2350,2350,2400,2450,2470,2400,2250,2400,2450,2450,2492.5,2400,2372.5,2397,2450,2395,2395,2450,2525,2525,2450,2450,2425,2495,2400,2500,2595,2699.5,2700,2700,2750,2750,2700,2650,2600,2500,2500,2595,2785,2800,2900,3000,2924.5,3000,3000,3000,3000,2800,2700,2697,2800,2990,2900,2950,3000,2995,2800,2797.5,2870,2997.5,2957.5,2982.5,2990,2992.5,2850,2900,3000,2942.5,2990,2850,2850
"Michael Way","Las Vegas","NV","Las Vegas","Clark",80,,,,,,,,,,,,,,,,975,975,995,950,950,950,925,925,900,995,1000,975,975,950,950,950,975,975,995,975,975,995,995,965,950,982.5,975,950,950,950,962.5,975,982.5,975,975,950,975,995,985,995,995,995,995,999,995,999,1000,995,1050,997.5,1050,1000,1050,1050,1000,1000,1000,1100,1150,1137.5,1020,1100,1100,1100,1095,1000,1095
"Chelsea","New York","NY","New York","New York",81,,,,,,,,,,,,,,,,,,,,,4500,4495,4795,4797.5,4875,4850,4970,5000,5000,5000,5000,5000,5100,4950,4950,5100,5195,5270,5290,5295,5295,5295,5114.5,5300,5300,5000,5000,5250,5399,5495,5595,5550,5477,5500,5362,5500,5500,5495,5500,5250.5,5500,5650,5700,5750,5500,5600,6150,5747.5,5797.5,5764.5,5700,5700,5650,5700,5597.5,5100.5,5397.5,4995,5425,5411,5287.5,5400
"Lake View","Chicago","IL","Chicago","Cook",82,,,,,,,,,,1900,1950,2000,2095,2095,2100,2135,2100,2100,2100,2100,1995,2100,2100,2200,2300,2250,2395,2250,2300,2400,2450,2450,2425,2395,2400,2250,2395,2500,2525,2500,2450,2450,2395,2350,2375,2485,2550,2572.5,2595,2550,2545,2475,2400,2450,2400,2500,2500,2450,2405,2370,2485,2595,2600,2575,2495,2495,2450,2400,2475,2600,2700,2695,2600,2595,2600,2595,2475,2495,2482.5,2300,2595,2475
"Englewood","Chicago","IL","Chicago","Cook",83,,,,,,,,,,,,,,,,1000,1000,1100,1000,1100,1100,1025,1100,1100,1100,1100,1100,1100,1100,1100,1100,1100,1074.5,1050,1100,1100,990,1000,990,1100,1050,1050,1025,1000,1000,1050,1050,1025,1025,1100,1050,1100,1000,1100,1100,1100,1100,1100,1100,1100,1100,1100,1100,1000,1100,1100,1100,1100,1095,1100,1100,1075,1075,1100,1075,1100,1100,1100,1144.5,1000,1100,1100
"Woodland Hills","Los Angeles","CA","Los Angeles-Long Beach-Anaheim","Los Angeles",84,,,,,,,,,,,,2900,2700,2700,2500,2595,2597,2450,2500,2500,2400,2347.5,2650,2500,2475,2800,2660,2650,2650,2675,2590,2499,2657,2500,2412.5,2400,2615,2650,2697.5,2350,2487.5,2900,2925,2972.5,2999,2800,2795,2825,2800,2700,3000,3035,2947.5,3000,2900,2895,2851,2922.5,2984,2999.5,2925,2999.5,2950,3100,3000,3000,2975,3156.5,3200,3500,3312.5,3000,2995,3350,3287,3110,3350,3400,3110,3000,2999,3123
"Greater Uptown","Houston","TX","Houston","Harris",85,,,,,,,,,,,,,,,,,,,,,,,,,,,,,,,,,,,,,,,,,,,,,,,,,,,,2750,2800,2861,2500,2500,2600,2400,2325,2500,2500,2515,2500,2697.5,2750,2550,2578,2578,2597,2597,2500,2444.5,2497.5,2442,2447.5,2335,2415,2297.5,2300,2425,2283,2497.5
"Carmel Valley","San Diego","CA","San Diego","San Diego",86,,,,,,,,,,,,,,,,,,,,,,,,,,,,,,,,,,,,,,,,,,,,2795,2800,2772.5,2900,2995,2907.5,2975,2977.5,2995,3015,2985,2995,3000,2955,2845,2835,2900,2950,3000,3040,3170,3085,2905,3000,3000,3150,3257.5,3217.5,3197.5,3195,3200,3105,3005,3222.5,3102.5,3200,3230,3056,3195
"Oak Forest - Garden Oaks","Houston","TX","Houston","Harris",87,,,,,,,,,,,,,,,,,,,,,,,,,,,,,,,,,,,,,,,,,,,,,,,,,,1950,1900,1850,1800,1799,1760,1755,1750,1760,1760,1796.5,1795,1798,1799,1879,1837.5,1777.5,1675,1798.5,1800,1800,1798,1775,1755,1862.5,1850,1866.5,1800,1755,1841.5,1755,1798,1766.5
"Parkway Village-Oakhaven","Memphis","TN","Memphis","Shelby",88,,,,,,,,,,,,,,,,,,,,,,,,,,,,,,,,,825,800,812.5,812.5,795,795,825,825,825,825,795,800,825,850,850,850,850,825,827,850,825,850,850,825,850,849,805,800,795,825,825,825,832,800,795,795,795,800,820,850,862.5,850,850,837.5,825,825,795,850,825,850
"East Boston","Boston","MA","Boston","Suffolk",89,,,,,,,,,,,,,,,,,,,,,,,,,,,,,,,,,,1650,1625,1700,1925,2060,2030,2225,2362.5,2362.5,2200,2100,2000,2080,2000,2000,2090,2200,2200,2200,2100,2100,2100,2100,2100,2200,2250,2350,2300,2300,2300,2300,2250,2200,2275,2300,2250,2350,2400,2350,2300,2300,2400,2300,2350,2300,2225,2350,2463,2500
"Ocean Hill","New York","NY","New York","Kings",90,,,,,,,,,,,,,,,,,,,,,,,,,,1700,1675,1700,1700,1700,1832,2000,1825,1750,1750,1750,1700,1750,1850,1995.5,1900,2000,2095,2000,2000,1900,1991,1990.5,1991,2000,2100,2095,2195,2200,2150,2100,2200,2099,2100,2100,2099,2200,2200,2300,2300,2300,2300,2250,2250,2249,2300,2400,2400,2300,2375,2300,2200,2395,2400,2372.5,2399,2300
"Greater Heights","Houston","TX","Houston","Harris",91,,,,,,,,,,,,,,,,,,,,,,,,,,,,,,,,2239,2200,2450,2395,2350,2425,2395,2350,2450,2800,2500,2400,2395,2625,2395,2425,2500,2500,2800,2800,2725,2625,2525,2595,2599.5,2700,2700,2700,2850,2875,2750,2750,2650,2547.5,2800,2700,2600,2700,2622.5,2662.5,2650,2600,2600,2600,2650,2600,2677,2600,2572.5,2550,2500
"South Shore","Chicago","IL","Chicago","Cook",92,,,,,,,,,,,,,,,1192.5,1150,1100,1150,1097.5,1095,1100,1200,1150,1150,1150,1099.5,1100,1100,1150,1100,1000,1030,1050,1054,1145,1100,1100,1050,1030,1050,1070,1070,1060,1075,1050,1100,1100,1100,1100,1100,1100,1100,1100,1100,1100,1100,1100,1150,1125,1100,1100,1100,1150,1100,1100,1150,1150,1150,1150,1150,1150,1200,1200,1119.5,1100,1150,1175,1150,1200,1150,1150,1203.5
"Jamaica Plain","Boston","MA","Boston","Suffolk",93,,,,,,,,,,,,,,,,,,,,,2225,2400,2100,2200,2200,2200,2275,2300,2400,2450,2400,2300,2500,2500,2400,2400,2400,2400,2500,2500,2500,2400,2400,2395,2400,2500,2500,2500,2500,2600,2600,2600,2500,2495,2500,2500,2500,2800,2750,2700,2750,2775,2750,2700,2600,2600,2500,2495,2600,2650,2795,2800,2800,2800,2800,2750,2750,2700,2600,2400,2695,2800
"Brighton","Boston","MA","Boston","Suffolk",94,,,,,,,,,,,1997.5,2150,2150,2125,2100,2112.5,2125,2250,2250,2225,2200,2200,2200,2300,2300,2300,2300,2300,2300,2350,2350,2392,2400,2400,2400,2400,2400,2400,2400,2400,2400,2400,2475,2500,2495,2495,2500,2525,2550,2550,2550,2550,2500,2500,2495,2500,2499,2500,2500,2550,2550,2550,2595,2550,2500,2500,2500,2500,2500,2600,2650,2700,2670,2700,2700,2700,2650,2625,2600,2500,2550,2600
"Dyker Heights","New York","NY","New York","Kings",95,,,,,,,,,,,,,,,,,,,,,,,,,,,,,,,,,,,,,,,,2000,2100,2000,2000,2000,2100,2050,2000,2000,1900,2000,2075,2100,2200,2100,2200,2200,2200,2200,2200,2125,2199,2200,2200,2200,2200,2250,2200,2200,2200,2200,2200,2200,2200,2200,2200,2300,2300,2495,2300,2300,2300,2200
"Bayside","Virginia Beach","VA","Virginia Beach","Virginia Beach City",96,,,,,,,,,,1200,1229.5,1295,1295,1350,1450,1450,1399.5,1399.5,1350,1350,1272.5,1272.5,1350,1300,1300,1325,1399.5,1350,1295,1297.5,1250,1250,1250,1300,1295,1300,1297.5,1300,1470,1397.5,1350,1312.5,1300,1295,1295,1240,1250,1275,1295,1300,1372.5,1425,1395,1362.5,1350,1377.5,1375,1350,1299,1297.5,1312.5,1450,1400,1375,1395,1367.5,1300,1295,1324.5,1295,1275,1295,1325,1400,1400,1447.5,1465,1380,1400,1312.5,1427.5,1360
"Humboldt Park","Chicago","IL","Chicago","Cook",97,,,,,,,,,,,,,,,,,,,,,,,,,,,,,,,,,,,,,,,,,,,,,,,,,,,,,,,,,,,,,,1625,1600,1575,1700,1672.5,1675,1650,1525,1500,1525,1725,1800,1892.5,1750,1750,1750,1700,1490,1595,1685,1585
"Lake View East","Chicago","IL","Chicago","Cook",98,,,,,,,,,,,2550,2450,2500,2487.5,2475,2450,2500,2540,2600,2700,2500,2650,2520,2540,2500,2700,2600,2500,2795,2850,2850,2850,2850,2850,2850,2750,2850,2695,2575,2600,2600,2595,2595,2535,2600,2525,2400,2395,2395,2550,2595,2495,2495,2500,2400,2450,2500,2500,2500,2395,2587.5,2750,2625,2695,2525,2500,2500,2575,2600,2600,2738,2700,2760,2800,2750,2720,2650,2622.5,2600,2375,2483.5,2375
"South Boston","Boston","MA","Boston","Suffolk",99,,,,,,,,,,,,,,,,,,,,,,,,,,3100,3000,3200,3300,3200,3100,3067.5,3000,3015,3000,3200,3002.5,3275,3300,3300,3300,3200,3300,3200,3300,3300,3300,3300,3300,3300,3300,3450,3300,3200,3000,3000,3000,3100,3200,3400,3300,3300,3300,3300,3375,3400,3295,3200,3295,3400,3500,3400,3400,3500,3500,3500,3600,3500,3300,3500,3300,3500
"Shelby Forest-Frayser","Memphis","TN","Memphis","Shelby",100,,,,,,,,,,,,,,,,,,,,,,,,,,,,,,,,,675,650,675,695,695,695,695,675,675,675,650,650,650,650,675,675,675,675,675,675,675,675,675,652.5,665,650,650,650,650,650,650,650,650,650,650,650,650,650,650,650,675,675,675,650,650,650,650,650,662.5,662.5
"Whitestone","New York","NY","New York","Queens",101,,,,,,,,,,,,,,,,,,,,,,,,,,,,,,,,,2100,2125,2100,2137.5,2000,2000,1950,2200,2025,2100,2000,2000,2100,2175,2000,2100,2100,2000,2050,2127.5,2200,2300,2200,2200,2200,2200,2200,2250,2300,2300,2300,2300,2300,2300,2300,2300,2250,2300,2300,2300,2300,2300,2300,2400,2300,2300,2350,2450,2400,2400
"Fort Greene","New York","NY","New York","Kings",102,,,,,,,,,,,,,,,,,,,,,,,,,,,,,,,,,,,,,4200,4000,3499,3575,3495,3550,3485,3637.5,3637.5,3542,3541,3575,3583,3750,3895,3985,3975,4625,4500,4400,3895,3850,4362.5,4000,4337.5,4185,3995,3995,3950,3895,3725,3675,3875,3975,3995,3995,3997.5,4155,4500,3995,3850,3795,4200,3995,3999,3995
"Whitney","Las Vegas","NV","Las Vegas","Clark",103,,,,,,,,,,,,,,,1100,1050,1050,1050,1000,975,995,995,995,995,995,995,999.5,995,995,995,995,990.5,981.5,975,995,999,1000,1000,990.5,1000,1000,1000,995,995,995,1000,995,995,995,1000,1000,1000,1050,1050,1017.5,1000,1050,1050,1008.5,1050,1025,1030,1050,1095,1062.5,1050,1050,1000,1000,1050,1072.5,1097.5,1095,1150,1150,1150,1100,1062.5,1100,1150,1072.5,1100
"Greenwood","New York","NY","New York","Kings",104,,,,,,,,,,,,,,,,,,,,,,,,,,,,,,,,2500,2400,2600,2700,2600,2600,2500,2500,2450,2550,2800,2700,2500,2500,2500,2500,2500,2700,2750,2750,2700,2650,2700,2775,2750,2750,2750,2700,2600,2800,2875,2900,3000,3000,3000,3000,3000,2950,2700,2650,2675,2700,3000,3200,3000,3000,3099,3074,3000,2950,2800
"Greenpoint","New York","NY","New York","Kings",105,,,,,,,,,,,,,,,,,,,,,,,,,,,,,,,3200,2900,3200,3250,3300,3300,3300,3300,3250,3425,3400,3400,3400,3400,3400,3300,3300,3400,3400,3450,3500,3500,3500,3483,3300,3150,3150,3150,3000,3300,3347.5,3400,3400,3400,3500,3600,3800,3500,3600,3600,3500,3650,3650,3599.5,3600,3600,3647,3500,3697,3600,3798,3500
"Roslindale","Boston","MA","Boston","Suffolk",106,,,,,,,,,,,,,,,,,,,,,,,,,,,,,,,,,2000,1900,1875,1900,2100,2100,2100,2050,2075,1972.5,1997.5,2300,2250,2250,2250,2200,2225,2100,2150,2175,2000,2025,2000,2000,2000,2100,2100,2195,2295,2295,2200,2187.5,2100,2100,2100,2100,2100,2150,2200,2200,2200,2250,2275,2225,2275,2225,2300,2250,2147,2200
"Summerlin South","Las Vegas","NV","Las Vegas","Clark",107,,,,,,,,,,,,,,1567.5,1595,1500,1567.5,1595,1600,1600,1500,1400,1400,1495,1495,1500,1500,1500,1450,1450,1395,1497.5,1450,1497.5,1425,1495,1497.5,1495,1495,1525,1500,1572.5,1495,1500,1550,1550,1595,1595,1550,1500,1500,1550,1520,1550,1550,1600,1650,1500,1495,1500,1695,1672.5,1775,1650,1600,1600,1562.5,1600,1600,1700,1672.5,1697.5,1772.5,1600,1650,1500,1565,1650,1500,1685,1600,1690
"Glendale","New York","NY","New York","Queens",108,,,,,,,,,,,,,,,,,,,,,,,,,,,,,,,,,,,,,,,,,,,,,,,,,,,,,,,,,,2000,2300,2200,2050,2050,2195,2195,2150,2200,2150,2000,2100,2100,2200,2250,2325,2250,2322.5,2250,2225,2100,2200,2210,2250,2225
"Prospect Lefferts Gardens","New York","NY","New York","Kings",109,,,,,,,,,,,,,,,,,,,,,,2300,2300,2250,2200,2100,2200,2050,2200,2200,2000,2100,2000,2100,2100,2100,2350,2500,2499,2497,2500,2400,2400,2300,2200,2199,2240,2240,2399,2499.5,2250,2300,2200,2400,2400,2400,2574.5,2699,2800,2600,2600,2800,2999.5,2750,2700,2800,2550,2600,2600,2600,2600,2472.5,2455,2525,2650,2749,2800,2850,2845,2700,2800,2699
"Bronzeville","Chicago","IL","Chicago","Cook",110,,,,,,,,,,,,,,,,,,,,,,1500,1500,1550,1600,1500,1550,1585,1650,1600,1450,1487.5,1487.5,1462.5,1550,1550,1495,1500,1450,1474.5,1400,1397.5,1500,1565,1595,1500,1503,1500,1500,1585,1585,1550,1550,1512.5,1500,1500,1447.5,1500,1522.5,1500,1500,1500,1500,1597.5,1500,1500,1500,1500,1500,1400,1500,1500,1500,1450,1685,1500,1550,1500,1500,1450,1450,1500
"Fort Hamilton","New York","NY","New York","Kings",111,,,,,,,,,,,,,,,,,,,,,,,,,,,,,,,,,,,,,,,,,,,,,,,,,,,,,2525,2500,2500,2400,2400,2300,2400,2500,2325,2500,2500,2600,2700,2675,2500,2600,2675,2600,2599,2450,2500,2500,2650,2750,2500,2600,2700,2699.5,2500,2500
"South End","Boston","MA","Boston","Suffolk",112,,,,,,,,,,,,,,,,,,,,,,2950,3200,3295,3100,3100,3200,3200,3550,3375,3450,3300,3200,3200,3300,3300,3500,3400,3703.5,3750,3775,3600,3300,3707,3450,3600,3500,3500,3575,3537.5,3600,3595,3500,3500,3500,3500,3500,3600,3800,3850,3900,3950,3900,3950,3900,3900,3800,3925,3825,3837.5,4000,4000,4000,3900,3850,4000,3825,3997.5,4250,3685,3600,3800
"Clinton","New York","NY","New York","New York",113,,,,,,,,,,,,,,,,,,,,,,,,,,,,,,,,,,,,,,,,,,,,,,,,,,,,,,,,,,,,,,4975,4823,4675,4695,4500,4500,4495,4494.5,4500,4800,5450,5100,5000,4925,4495,4447.5,4500,4950,5197.5,5200,4850
"Neartown - Montrose","Houston","TX","Houston","Harris",114,,,,,,,,,,,,,,,,,,,,,,,,,,,,,,,,,,,,,,,,,,,,,,,,,,,3400,3250,3175,3200,3275,2800,2825,3000,3100,2975,3200,3200,3250,3450,3350,3425,3272.5,2900,2950,2800,3200,3200,3250,3300,3347.5,2850,2975,3250,2950,2937.5,2686,3000
"The Lakes","Las Vegas","NV","Las Vegas","Clark",115,,,,,,,,,,,,,,,,,1395,1350,1382.5,1425,1350,1200,1297.5,1300,1295,1350,1300,1300,1295,1300,1300,1300,1300,1350,1300,1295,1295,1372.5,1300,1337.5,1295,1300,1300,1250,1300,1350,1350,1350,1350,1472.5,1450,1500,1437.5,1400,1400,1395,1350,1350,1395,1600,1500,1500,1495,1478.5,1495,1422.5,1395,1400,1400,1400,1377,1350,1350,1352.5,1460,1395,1475,1522.5,1467.5,1454.5,1487.5,1500
"La Jolla","San Diego","CA","San Diego","San Diego",116,,,,,,,,,,,,,,,,,,,,,,,,,,,,,,,,,,,,,6250,6500,6250,5400,5500,5500,5500,5500,5500,5500,5500,5000,5000,5500,6125,5750,5447.5,6000,6000,6000,6375,6000,6400,5500,6000,5000,5045,5500,5000,4950,4700,4975,5000,4997.5,4997.5,4975,4925,4725,4997.5,4675,5000,5500,5000,4600,5000,5000
"North Dorchester","Boston","MA","Boston","Suffolk",117,,,,,,,,,,,,,,,,,,,,,,,,,1750,1800,1800,1800,2100,2000,1900,1900,1800,1750,1825,2025,2062.5,2200,2100,2200,2350,2300,2100,2100,2100,2100,2187.5,2250,2300,2300,2300,2250,2200,2150,2100,2100,2000,2000,2200,2200,2375,2400,2400,2325,2400,2250,2200,2225,2250,2475,2497.5,2475,2400,2500,2400,2500,2412.5,2400,2400,2400,2400,2500
"South Chicago","Chicago","IL","Chicago","Cook",118,,,,,,,,,,,,,,,,,,,,,,,,,1000,1100,1000,1100,1100,1100,990,990,990,975,990,1000,1000,995,1062.5,1075,1087.5,1100,1075,1075,990,1000,1000,1000,1000,995,995,990,990,1000,1000,1050,1000,1000,1050,1000,1075,1100,1100,1050,1100,1100,1100,1050,1000,1095,1100,1100,1100,1100,1150,1139,1100,1150,1150,1100,1000,1150
"Washington Avenue Coalition - Memorial Park","Houston","TX","Houston","Harris",119,,,,,,,,,,,,,,,,,,2250,2300,2262.5,2300,2350,2400,2400,2500,2502.5,2600,2700,2700,2559.5,2520,2500,2500,2600,2667.5,2750,2750,2800,2850,2800,2850,2900,2850,2850,2850,2775,2810,2904,2995,2997.5,3125,3000,3050,3125,2998,2995,2972.5,3000,3000,2950,2965,3000,3000,3100,3000,2995,2900,2900,2972.5,2900,2929,2900,2950,2899.5,2900,2900,2900,2899,2750,2700,2700,2795
"Las Tierras","El Paso","TX","El Paso","El Paso",120,,,,,,,,,,,,,,,,,,,,,,,,1225,1200,1100,1197.5,1197.5,1175,1100,1075,1037.5,1000,1000,995,995,999.5,1000,1100,1100,1100,1150,1100,1097.5,1100,1062.5,1000,1000,1050,1100,1100,1125,1125,1100,1050,1050,1050,1082.5,1100,1100,1100,1095,1050,1097.5,1095,1050,1050,1050,1100,1095,1100,1070,1095,1037.5,1095,1075,1050,995,995,1025,1000,1025
"Allston","Boston","MA","Boston","Suffolk",121,,,,,,,,,,,2100,2200,2200,2200,2200,2150,2150,2100,2100,2100,2250,2400,2300,2300,2300,2350,2325,2325,2350,2325,2300,2300,2350,2400,2450,2400,2400,2400,2400,2400,2400,2400,2400,2400,2450,2500,2600,2599,2600,2600,2500,2500,2500,2500,2500,2499,2500,2600,2600,2600,2600,2600,2600,2600,2550,2500,2500,2585,2600,2700,2700,2700,2700,2697,2700,2675,2600,2612.5,2600,2550,2500,2800
"Clinton Hill","New York","NY","New York","Kings",122,,,,,,,,,,,,,,,,,,,,,,3000,2950,2975,3125,3049.5,3100,3200,3200,3150,3125,3300,3495,3100,3295,3500,3450,3450,3495,3495,3495,3500,3400,3500,3600,3497.5,3350,3400,3500,3472.5,3600,3799.5,3800,3850,3700,3700,3700,3725,3585,3500,3500,3600,3599,3500,3600,3625,3697,3500,3595,3697.5,3699,3700,3700,4200,3950,3600,3600,3700,3600,3600,3900,3800
"Fenway","Boston","MA","Boston","Suffolk",123,,,,,,,,,,,,,,,,,,,,,,,,,,,,,,,,,,3600,3750,3750,3550,3500,3450,3600,3600,3600,3550,3300,3600,3962.5,3900,3900,4000,3900,3900,3900,3800,3700,3699,3600,3750,3900,4000,4000,3900,3800,3775,3750,3700,3600,3700,3800,3800,4000,4075,4000,4000,3900,4000,3850,4000,3800,3800,3700,4250,3912.5
"North Central","Philadelphia","PA","Philadelphia","Philadelphia",124,,,,,,,,,,,,,,,,,,,,,,1537.5,1650,1522.5,1650,1650,1575,1500,1500,1575,1650,1650,1700,1650,1695,1650,1650,1650,1550,1500,1500,1425,1400,1500,1650,1650,1650,1650,1650,1650,1500,1500,1500,1500,1575,1575,1575,1650,1650,1650,1650,1650,1650,1575,1575,1575,1650,1725,1650,1650,1725,1725,1650,1785,1650,1650,1500,1650,1575,1725,1725,1650
"Anthem","Henderson","NV","Las Vegas","Clark",125,,,,,,,,,,,,,,,1400,1375,1350,1350,1375,1395,1495,1400,1395,1350,1350,1350,1395,1472.5,1397.5,1375,1375,1400,1400,1450,1497.5,1500,1495,1425,1395,1400,1385,1400,1425,1425,1395,1350,1375,1350,1395,1495,1650,1750,1675,1547.5,1550,1550,1400,1495,1590,1650,1850,1950,1950,1745,1785,1700,1550,1647.5,1650,1600,1695,1550,1650,1695,1500,1657.5,1650,1495,1550,1572.5,1672.5,1455
"Back Bay","Boston","MA","Boston","Suffolk",126,,,,,,,,,,,,,,,,,,,,,,,,,,,,,,,,,,,,,,,,,,,,,,,,,,,,,,,,,4800,5500,5500,4675,4750,4800,4800,4800,4800,4800,4750,4750,4800,4800,5087.5,5400,5550,5671,5400,5685.5,6000,5900,5300,4850,4750,4650
"Columbus Circle","New York","NY","New York","New York",127,,,,,,,,,,,,,,,,,,,,,,,,4495,4350,4500,4500,4495,4300,4400,4525,4495,4400,4400,4500,4500,4500,4500,4595,4600,4600,4595,4667.5,4500,4500,4495,4495,4495,4495,4495,4800,4600,4597.5,4597.5,4597.5,4695,4647.5,4550,4495,4547.5,4800,4825,4875,4992.5,4650,4800,4990,4950,4847.5,4795,4597.5,4600,4597.5,4597.5,4695,4925,4722.5,4595,4547.5,4600,4750,4900
"Sutton Place","New York","NY","New York","New York",128,,,,,,,,,,,,,,,,,,,,,,,,,,,,,,,,,,,,,,,,,,,,,,,,,,,,,7675,7505,7480,7680,7630,7662.5,7285,7295,7240,7595,7400,8000,8095,8300,8000,7500,7934,7425,7600,7890,7895,6795,7587.5,7400,7000,7285,7414.5,7397.5,7800,7275
"Wingate","New York","NY","New York","Kings",129,,,,,,,,,,,,,,,,,,,,,,,,,,,,,,,,,,,,,,,,,,,,,,,,,,,,,,,,,,,,,,,2700,2500,2500,2500,2500,2400,2400,2500,2500,2397,2487.5,2600,2550,2550,2498,2495,2600,2500,2400,2400
"Bucktown","Chicago","IL","Chicago","Cook",130,,,,,,,,,,,,,2475,2600,2400,2475,2400,2395,2100,1995,2097.5,2350,2400,2500,2495,2495,2495,2600,2550,2500,2500,2450,2500,2500,2700,2400,2495,2495,2600,2750,2600,2495,2597.5,2225,2495,2672.5,2695,2600,2500,2647.5,2700,2600,2597.5,2600,2472.5,2400,2499,2700,2712.5,2400,2600,2550,2595,2800,2800,2750,2800,2800,2900,2900,2900,2700,2700,2825,2800,2875,2597.5,2597.5,2550,2500,2600,2600
"Metro West","Orlando","FL","Orlando","Orange",131,,,,,,,,,,,,,1100,1162.5,1200,1200,1249,1200,1180,1195,1195,1195,1250,1257.5,1250,1300,1249,1300,1272.5,1320,1270,1299,1249.5,1260,1210,1218,1249.5,1265,1295,1275,1210,1200,1200,1250,1250,1295,1267.5,1250,1275,1250,1200,1222,1222,1200,1247,1295,1300,1300,1350,1395,1337.5,1325,1395,1405,1452.5,1400,1400,1415,1400,1397.5,1400,1400,1410.5,1412.5,1400,1440,1495,1450,1400,1495,1395,1440
"Kenmore","Boston","MA","Boston","Suffolk",132,,,,,,,,,,,,,,,,,,,,,,2820,3175,3200,3200,3300,3200,3300,3350,3400,3300,3400,3300,3300,3299,3300,3300,3500,3600,3600,3500,3400,3472.5,3550,3400,3300,3300,3395,3375,3300,3400,3500,3500,3400,3297.5,3610,3610,3512.5,3599.5,3600,3500,3400,3395,3395,3400,3395,3400,3597.5,3495,3600,3650,3600,3600,3595,3500,3500,3500,3400,3400,3600,3800,3550
"Wynwood - Edgewater","Miami","FL","Miami-Fort Lauderdale","Miami-Dade",133,,,,,,,,,,,,,,,,,,,,,,,,,,,,,,,,,,,,,,,,,,,,,,,,,,,,,,,,,,,,,,,,,4495,4250,4200,4200,3950,3900,3950,3950,3875,3700,4125,3800,3900,3737.5,3700,3800,3760,3625
"Mission Hill","Boston","MA","Boston","Suffolk",134,,,,,,,,,,,,,,,,,,,,,2700,2700,2600,2700,2700,2700,2600,2625,2800,2872.5,3000,2975,3000,2962.5,2850,2950,2937.5,2950,2900,2850,2800,2950,2895,3000,3000,3000,3000,3000,3000,3000,3000,3000,3000,2925,2962.5,3000,3150,3200,3100,3050,3100,3050,3000,3000,2950,2950,2900,2850,3000,3200,3200,3200,3200,3200,3150,3000,3200,2897.5,2900,2900,3150,3300
"North Cambridge","Cambridge","MA","Boston","Middlesex",135,,,,,,,,,,,,,,,,,,,,,,,,,,,,,,,,,,,,,,,,,,,,,,,,,,,,,,,,,,,3600,3500,3600,3600,3437.5,3350,3175,3100,3000,3175,3300,3700,3775,3908,3600,3575,3400,3450,3200,3300,3100,3300,3200,3000
"Riverside","Cambridge","MA","Boston","Middlesex",136,,,,,,,,,,,,,,,,,,,,,,,,,,,,,,,,,,,,,,,,,,,,3300,3145,3435,3435,3465,3417.5,3145,3200,3100,3200,3435,3435,3000,3000,2987.5,3000,3145,3450,3100,3100,3100,3100,3100,3000,3000,3100,3350,3295,3295,3500,3600,3569,3442.5,3595,3435,3300,3327,3222.5,3300
"Downtown","Miami","FL","Miami-Fort Lauderdale","Miami-Dade",137,,,,,,,,,,,,,,,,,,,,,,,,,,,,,,,,,,,,,,,,,,,,,,,,,,,,4750,5200,4900,4200,4000,4300,4099.5,4500,4400,4400,4200,4200,4250,4200,4500,4600,4300,4300,4599,4380,4075,4300,3800,4150,4300,4075,4300,4500,4275,4500,4000
"Cambridgeport","Cambridge","MA","Boston","Middlesex",138,,,,,,,,,,,,,,,,,,,,,,,,,,,,,,,,,,,,3300,3550,3300,3250,3000,3100,3400,3400,3400,3400,3707,3400,3400,3300,3200,3275,3300,3300,3400,3400,3400,3300,3300,3300,3300,3300,3250,3300,3300,3300,3300,3100,3000,3000,3050,3300,3300,3300,3400,3400,3500,3300,3300,3200,3100,3300,3450
"Hunters Point","New York","NY","New York","Queens",139,,,,,,,,,,,,,,,,,,,,,,,,,,,,,,,,,,,,,,5390,5370,5269,4995,4995,4700,4428,4583,4500,4430,4458,4488.5,4866,5005,5350,5350,5155,5240,5217.5,5235,5152.5,5000,5150,4500,4409,4404.5,4450,4870,4995,4995,4895,4595,4443,4795,4695,4815,4845,4695,4395,4830,4595,4597.5,4550,4499,4995
"North End","Boston","MA","Boston","Suffolk",140,,,,,,,,,,,,,,,,,,,,,,,3400,3400,3400,3400,3400,3300,3395,3400,3400,3400,3495,3495,3400,3500,3500,3500,3500,3600,3537.5,3500,3500,3500,3500,3550,3600,3600,3745,3600,3600,3600,3600,3525,3550,3500,3500,3595,3600,3720,3720,3750,3695,3600,3600,3600,3500,3500,3500,3600,3600,3750,3775,3775,3800,3750,3850,3795,3600,3600,3500,3500
"Wellington-Harrington","Cambridge","MA","Boston","Middlesex",141,,,,,,,,,,,,,,,,,,,,,,,,,,,,,,,,,,,,,2635,2800,2975,3000,2775,2800,2800,2850,2800,2800,2800,2800,3050,3100,3050,2925,3000,2900,2800,2900,2950,2900,2800,2987.5,3000,3100,3150,3100,3000,2900,2850,2725,2975,3100,3250,3250,3250,3300,3300,3380,3200,3300,3000,3000,3000,3000
"Alafaya","Orlando","FL","Orlando","Orange",142,,,,,,,,,,,1200,1200,1225,1250,1295,1295,1295,1293.5,1250,1225,1250,1250,1230,1250,1250,1250,1295,1296.5,1295,1295,1295,1252.5,1275,1250,1250,1295,1300,1300,1300,1300,1300,1300,1295,1295,1300,1300,1295,1300,1300,1350,1350,1375,1325,1325,1350,1320,1320,1300,1350,1334,1350,1395,1395,1425,1395,1400,1395,1400,1400,1400,1425,1400,1395,1400,1421,1467.5,1482.5,1400,1500,1450,1460,1475
"Far Eastside","Indianapolis","IN","Indianapolis","Marion",142,,,,,,,,,,,,,,,,752.5,765,750,795,795,795,800,799.5,775,775,762.5,750,750,750,750,775,775,775,785,775,797.5,800,800,800,800,850,800,795,795,797.5,825,825,850,850,892.5,850,832.5,875,899.5,862.5,850,850,900,900,925,875,899,900,850,850,850,825,800,825,812.5,850,850,920,862.5,875,830,940,900,850,850,925,875
