,LINENAME,STATION,DATE,TIME,ENTRIES,NEW_ENTRIES
0,456,86 ST,2016-01-01,03:00:00,1130495286,0.0
1,456,86 ST,2016-01-01,07:00:00,1130495873,587.0
2,456,86 ST,2016-01-01,11:00:00,1130497904,2031.0
3,456,86 ST,2016-01-01,15:00:00,1130504736,6832.0
4,456,86 ST,2016-01-01,19:00:00,1130514043,9307.0
5,456,86 ST,2016-01-01,23:00:00,1130518916,4873.0
6,456,86 ST,2016-01-02,03:00:00,1130520709,1793.0
7,456,86 ST,2016-01-02,07:00:00,1130521247,538.0
8,456,86 ST,2016-01-02,11:00:00,1130526044,4797.0
9,456,86 ST,2016-01-02,15:00:00,1130538811,12767.0
11,456,86 ST,2016-01-02,23:00:00,1130568754,11753.0
12,456,86 ST,2016-01-03,03:00:00,1130571630,2876.0
13,456,86 ST,2016-01-03,07:00:00,1130572142,512.0
14,456,86 ST,2016-01-03,11:00:00,1130576169,4027.0
15,456,86 ST,2016-01-03,15:00:00,1130587011,10842.0
16,456,86 ST,2016-01-03,19:00:00,1130600590,13579.0
17,456,86 ST,2016-01-03,23:00:00,1130606745,6155.0
18,456,86 ST,2016-01-04,03:00:00,1130608260,1515.0
19,456,86 ST,2016-01-04,07:00:00,1130609933,1673.0
21,456,86 ST,2016-01-04,15:00:00,1130639630,9444.0
23,456,86 ST,2016-01-04,23:00:00,1130669548,8285.0
24,456,86 ST,2016-01-05,03:00:00,1130671039,1491.0
25,456,86 ST,2016-01-05,07:00:00,1130672609,1570.0
27,456,86 ST,2016-01-05,15:00:00,1130703645,9626.0
29,456,86 ST,2016-01-05,23:00:00,1130733872,8845.0
30,456,86 ST,2016-01-06,03:00:00,1130735443,1571.0
31,456,86 ST,2016-01-06,07:00:00,1130737061,1618.0
35,456,86 ST,2016-01-06,23:00:00,1130799974,9357.0
36,456,86 ST,2016-01-07,03:00:00,1130801658,1684.0
37,456,86 ST,2016-01-07,07:00:00,1130803232,1574.0
39,456,86 ST,2016-01-07,15:00:00,1130835025,10080.0
41,456,86 ST,2016-01-07,23:00:00,1130865899,9409.0
42,456,86 ST,2016-01-08,03:00:00,1130867759,1860.0
43,456,86 ST,2016-01-08,07:00:00,1130869284,1525.0
45,456,86 ST,2016-01-08,15:00:00,1130905046,11838.0
47,456,86 ST,2016-01-08,23:00:00,1130937878,10764.0
48,456,86 ST,2016-01-09,03:00:00,1130940551,2673.0
49,456,86 ST,2016-01-09,07:00:00,1130941021,470.0
50,456,86 ST,2016-01-09,11:00:00,1130945683,4662.0
51,456,86 ST,2016-01-09,15:00:00,1130956606,10923.0
52,456,86 ST,2016-01-09,19:00:00,1130970770,14164.0
53,456,86 ST,2016-01-09,23:00:00,1130980316,9546.0
54,456,86 ST,2016-01-10,03:00:00,1130982912,2596.0
55,456,86 ST,2016-01-10,07:00:00,1130983271,359.0
56,456,86 ST,2016-01-10,11:00:00,1130986122,2851.0
57,456,86 ST,2016-01-10,15:00:00,1130994157,8035.0
58,456,86 ST,2016-01-10,19:00:00,1131004245,10088.0
59,456,86 ST,2016-01-10,23:00:00,1131009421,5176.0
60,456,86 ST,2016-01-11,03:00:00,1131010771,1350.0
61,456,86 ST,2016-01-11,07:00:00,1131012445,1674.0
63,456,86 ST,2016-01-11,15:00:00,1131043238,9355.0
65,456,86 ST,2016-01-11,23:00:00,1131073117,8502.0
66,456,86 ST,2016-01-12,03:00:00,1131074576,1459.0
67,456,86 ST,2016-01-12,07:00:00,1131076216,1640.0
69,456,86 ST,2016-01-12,15:00:00,1131108085,9542.0
71,456,86 ST,2016-01-12,23:00:00,1131138335,9029.0
72,456,86 ST,2016-01-13,03:00:00,1131139901,1566.0
73,456,86 ST,2016-01-13,07:00:00,1131141567,1666.0
75,456,86 ST,2016-01-13,15:00:00,1131173467,9697.0
77,456,86 ST,2016-01-13,23:00:00,1131203136,8703.0
78,456,86 ST,2016-01-14,03:00:00,1131204726,1590.0
79,456,86 ST,2016-01-14,07:00:00,1131206264,1538.0
81,456,86 ST,2016-01-14,15:00:00,1131238099,9822.0
83,456,86 ST,2016-01-14,23:00:00,1131268322,9142.0
84,456,86 ST,2016-01-15,03:00:00,1131270132,1810.0
85,456,86 ST,2016-01-15,07:00:00,1131271594,1462.0
87,456,86 ST,2016-01-15,15:00:00,1131302873,10908.0
89,456,86 ST,2016-01-15,23:00:00,1131334623,10306.0
90,456,86 ST,2016-01-16,03:00:00,1131337166,2543.0
91,456,86 ST,2016-01-16,07:00:00,1131337635,469.0
92,456,86 ST,2016-01-16,11:00:00,1131341959,4324.0
93,456,86 ST,2016-01-16,15:00:00,1131352429,10470.0
94,456,86 ST,2016-01-16,19:00:00,1131366351,13922.0
95,456,86 ST,2016-01-16,23:00:00,1131375551,9200.0
96,456,86 ST,2016-01-17,03:00:00,1131378188,2637.0
97,456,86 ST,2016-01-17,07:00:00,1131378563,375.0
98,456,86 ST,2016-01-17,11:00:00,1131381717,3154.0
99,456,86 ST,2016-01-17,15:00:00,1131390792,9075.0
100,456,86 ST,2016-01-17,19:00:00,1131402169,11377.0
101,456,86 ST,2016-01-17,23:00:00,1131407460,5291.0
102,456,86 ST,2016-01-18,03:00:00,1131408917,1457.0
103,456,86 ST,2016-01-18,07:00:00,1131409527,610.0
104,456,86 ST,2016-01-18,11:00:00,1131417469,7942.0
105,456,86 ST,2016-01-18,15:00:00,1131428037,10568.0
107,456,86 ST,2016-01-18,23:00:00,1131450851,6444.0
108,456,86 ST,2016-01-19,03:00:00,1131452214,1363.0
109,456,86 ST,2016-01-19,07:00:00,1131453802,1588.0
111,456,86 ST,2016-01-19,15:00:00,1131484793,9205.0
113,456,86 ST,2016-01-19,23:00:00,1131513168,8195.0
114,456,86 ST,2016-01-20,03:00:00,1131514611,1443.0
115,456,86 ST,2016-01-20,07:00:00,1131516297,1686.0
117,456,86 ST,2016-01-20,15:00:00,1131548394,9799.0
119,456,86 ST,2016-01-20,23:00:00,1131578096,8940.0
120,456,86 ST,2016-01-21,03:00:00,1131579695,1599.0
121,456,86 ST,2016-01-21,07:00:00,1131581301,1606.0
123,456,86 ST,2016-01-21,15:00:00,1131613263,9899.0
125,456,86 ST,2016-01-21,23:00:00,1131643723,9315.0
126,456,86 ST,2016-01-22,03:00:00,1131645473,1750.0
127,456,86 ST,2016-01-22,07:00:00,1131646975,1502.0
131,456,86 ST,2016-01-22,23:00:00,1131710052,10348.0
132,456,86 ST,2016-01-23,03:00:00,1131712509,2457.0
133,456,86 ST,2016-01-23,07:00:00,1131712943,434.0
134,456,86 ST,2016-01-23,11:00:00,1131715176,2233.0
135,456,86 ST,2016-01-23,15:00:00,1131721449,6273.0
136,456,86 ST,2016-01-23,19:00:00,1131725319,3870.0
137,456,86 ST,2016-01-23,23:00:00,1131726727,1408.0
138,456,86 ST,2016-01-24,03:00:00,1131727423,696.0
139,456,86 ST,2016-01-24,07:00:00,1131727703,280.0
140,456,86 ST,2016-01-24,11:00:00,1131729910,2207.0
141,456,86 ST,2016-01-24,15:00:00,1131736698,6788.0
142,456,86 ST,2016-01-24,19:00:00,1131744919,8221.0
143,456,86 ST,2016-01-24,23:00:00,1131749501,4582.0
144,456,86 ST,2016-01-25,03:00:00,1131750716,1215.0
145,456,86 ST,2016-01-25,07:00:00,1131752402,1686.0
147,456,86 ST,2016-01-25,15:00:00,1131783684,8634.0
149,456,86 ST,2016-01-25,23:00:00,1131812412,8725.0
150,456,86 ST,2016-01-26,03:00:00,1131813987,1575.0
151,456,86 ST,2016-01-26,07:00:00,1131815737,1750.0
153,456,86 ST,2016-01-26,15:00:00,1131848941,10032.0
155,456,86 ST,2016-01-26,23:00:00,1131879710,9251.0
156,456,86 ST,2016-01-27,03:00:00,1131881360,1650.0
157,456,86 ST,2016-01-27,07:00:00,1131883100,1740.0
159,456,86 ST,2016-01-27,15:00:00,1131916000,10097.0
161,456,86 ST,2016-01-27,23:00:00,1131947301,9416.0
162,456,86 ST,2016-01-28,03:00:00,1131948969,1668.0
163,456,86 ST,2016-01-28,07:00:00,1131950598,1629.0
165,456,86 ST,2016-01-28,15:00:00,1131983699,10363.0
167,456,86 ST,2016-01-28,23:00:00,1132014700,9586.0
168,456,86 ST,2016-01-29,03:00:00,1132016526,1826.0
169,456,86 ST,2016-01-29,07:00:00,1132018047,1521.0
171,456,86 ST,2016-01-29,15:00:00,1132050325,10813.0
173,456,86 ST,2016-01-29,23:00:00,1132082240,10451.0
174,456,86 ST,2016-01-30,03:00:00,1132084717,2477.0
175,456,86 ST,2016-01-30,07:00:00,1132085139,422.0
176,456,86 ST,2016-01-30,11:00:00,1132090057,4918.0
177,456,86 ST,2016-01-30,15:00:00,1132101130,11073.0
178,456,86 ST,2016-01-30,19:00:00,1132115653,14523.0
179,456,86 ST,2016-01-30,23:00:00,1132125094,9441.0
180,456,86 ST,2016-01-31,03:00:00,1132127660,2566.0
181,456,86 ST,2016-01-31,07:00:00,1132128050,390.0
182,456,86 ST,2016-01-31,11:00:00,1132131516,3466.0
183,456,86 ST,2016-01-31,15:00:00,1132140724,9208.0
184,456,86 ST,2016-01-31,19:00:00,1132151419,10695.0
185,456,86 ST,2016-01-31,23:00:00,1132156513,5094.0
186,6,68ST-HUNTER CO,2016-01-01,00:00:00,113897410,0.0
187,6,68ST-HUNTER CO,2016-01-01,04:00:00,113899072,1662.0
188,6,68ST-HUNTER CO,2016-01-01,08:00:00,113899344,272.0
189,6,68ST-HUNTER CO,2016-01-01,12:00:00,113900246,902.0
190,6,68ST-HUNTER CO,2016-01-01,16:00:00,113902515,2269.0
191,6,68ST-HUNTER CO,2016-01-01,20:00:00,113904811,2296.0
192,6,68ST-HUNTER CO,2016-01-02,00:00:00,113905897,1086.0
193,6,68ST-HUNTER CO,2016-01-02,04:00:00,113906045,148.0
194,6,68ST-HUNTER CO,2016-01-02,08:00:00,113906195,150.0
195,6,68ST-HUNTER CO,2016-01-02,12:00:00,113906887,692.0
196,6,68ST-HUNTER CO,2016-01-02,16:00:00,113908126,1239.0
197,6,68ST-HUNTER CO,2016-01-02,20:00:00,113909517,1391.0
198,6,68ST-HUNTER CO,2016-01-03,00:00:00,113910238,721.0
199,6,68ST-HUNTER CO,2016-01-03,04:00:00,113910389,151.0
200,6,68ST-HUNTER CO,2016-01-03,08:00:00,113910526,137.0
201,6,68ST-HUNTER CO,2016-01-03,12:00:00,113910974,448.0
202,6,68ST-HUNTER CO,2016-01-03,16:00:00,113911868,894.0
203,6,68ST-HUNTER CO,2016-01-03,20:00:00,113912918,1050.0
204,6,68ST-HUNTER CO,2016-01-04,00:00:00,113913447,529.0
205,6,68ST-HUNTER CO,2016-01-04,04:00:00,113913534,87.0
206,6,68ST-HUNTER CO,2016-01-04,08:00:00,113914943,1409.0
207,6,68ST-HUNTER CO,2016-01-04,12:00:00,113920540,5597.0
208,6,68ST-HUNTER CO,2016-01-04,16:00:00,113928305,7765.0
209,6,68ST-HUNTER CO,2016-01-04,20:00:00,113941297,12992.0
210,6,68ST-HUNTER CO,2016-01-05,00:00:00,113943910,2613.0
211,6,68ST-HUNTER CO,2016-01-05,04:00:00,113944144,234.0
212,6,68ST-HUNTER CO,2016-01-05,08:00:00,113945682,1538.0
213,6,68ST-HUNTER CO,2016-01-05,12:00:00,113951713,6031.0
214,6,68ST-HUNTER CO,2016-01-05,16:00:00,113959725,8012.0
215,6,68ST-HUNTER CO,2016-01-05,20:00:00,113973102,13377.0
216,6,68ST-HUNTER CO,2016-01-06,00:00:00,113975814,2712.0
217,6,68ST-HUNTER CO,2016-01-06,04:00:00,113976059,245.0
218,6,68ST-HUNTER CO,2016-01-06,08:00:00,113977521,1462.0
219,6,68ST-HUNTER CO,2016-01-06,12:00:00,113983560,6039.0
220,6,68ST-HUNTER CO,2016-01-06,16:00:00,113991968,8408.0
221,6,68ST-HUNTER CO,2016-01-06,20:00:00,114005124,13156.0
222,6,68ST-HUNTER CO,2016-01-07,00:00:00,114007749,2625.0
223,6,68ST-HUNTER CO,2016-01-07,04:00:00,114007982,233.0
224,6,68ST-HUNTER CO,2016-01-07,08:00:00,114009385,1403.0
225,6,68ST-HUNTER CO,2016-01-07,12:00:00,114015422,6037.0
226,6,68ST-HUNTER CO,2016-01-07,16:00:00,114023706,8284.0
227,6,68ST-HUNTER CO,2016-01-07,20:00:00,114036911,13205.0
228,6,68ST-HUNTER CO,2016-01-08,00:00:00,114039763,2852.0
229,6,68ST-HUNTER CO,2016-01-08,04:00:00,114040055,292.0
230,6,68ST-HUNTER CO,2016-01-08,08:00:00,114041510,1455.0
231,6,68ST-HUNTER CO,2016-01-08,12:00:00,114047177,5667.0
232,6,68ST-HUNTER CO,2016-01-08,16:00:00,114056001,8824.0
233,6,68ST-HUNTER CO,2016-01-08,20:00:00,114067747,11746.0
234,6,68ST-HUNTER CO,2016-01-09,00:00:00,114070645,2898.0
235,6,68ST-HUNTER CO,2016-01-09,04:00:00,114070971,326.0
236,6,68ST-HUNTER CO,2016-01-09,08:00:00,114071378,407.0
237,6,68ST-HUNTER CO,2016-01-09,12:00:00,114073124,1746.0
238,6,68ST-HUNTER CO,2016-01-09,16:00:00,114077039,3915.0
239,6,68ST-HUNTER CO,2016-01-09,20:00:00,114081041,4002.0
240,6,68ST-HUNTER CO,2016-01-10,00:00:00,114082866,1825.0
241,6,68ST-HUNTER CO,2016-01-10,04:00:00,114083209,343.0
242,6,68ST-HUNTER CO,2016-01-10,08:00:00,114083460,251.0
243,6,68ST-HUNTER CO,2016-01-10,12:00:00,114084671,1211.0
244,6,68ST-HUNTER CO,2016-01-10,16:00:00,114087369,2698.0
245,6,68ST-HUNTER CO,2016-01-10,20:00:00,114090136,2767.0
246,6,68ST-HUNTER CO,2016-01-11,00:00:00,114091327,1191.0
247,6,68ST-HUNTER CO,2016-01-11,04:00:00,114091483,156.0
248,6,68ST-HUNTER CO,2016-01-11,08:00:00,114092930,1447.0
249,6,68ST-HUNTER CO,2016-01-11,12:00:00,114099050,6120.0
250,6,68ST-HUNTER CO,2016-01-11,16:00:00,114107116,8066.0
251,6,68ST-HUNTER CO,2016-01-11,20:00:00,114120483,13367.0
252,6,68ST-HUNTER CO,2016-01-12,00:00:00,114123316,2833.0
253,6,68ST-HUNTER CO,2016-01-12,04:00:00,114123584,268.0
254,6,68ST-HUNTER CO,2016-01-12,08:00:00,114125102,1518.0
255,6,68ST-HUNTER CO,2016-01-12,12:00:00,114131124,6022.0
256,6,68ST-HUNTER CO,2016-01-12,16:00:00,114139634,8510.0
257,6,68ST-HUNTER CO,2016-01-12,20:00:00,114153184,13550.0
258,6,68ST-HUNTER CO,2016-01-13,00:00:00,114156257,3073.0
259,6,68ST-HUNTER CO,2016-01-13,04:00:00,114156530,273.0
260,6,68ST-HUNTER CO,2016-01-13,08:00:00,114158046,1516.0
261,6,68ST-HUNTER CO,2016-01-13,12:00:00,114164378,6332.0
262,6,68ST-HUNTER CO,2016-01-13,16:00:00,114172803,8425.0
263,6,68ST-HUNTER CO,2016-01-13,20:00:00,114186983,14180.0
264,6,68ST-HUNTER CO,2016-01-14,00:00:00,114190154,3171.0
265,6,68ST-HUNTER CO,2016-01-14,04:00:00,114190421,267.0
266,6,68ST-HUNTER CO,2016-01-14,08:00:00,114191876,1455.0
267,6,68ST-HUNTER CO,2016-01-14,12:00:00,114198158,6282.0
268,6,68ST-HUNTER CO,2016-01-14,16:00:00,114206876,8718.0
269,6,68ST-HUNTER CO,2016-01-14,20:00:00,114220615,13739.0
270,6,68ST-HUNTER CO,2016-01-15,00:00:00,114223527,2912.0
271,6,68ST-HUNTER CO,2016-01-15,04:00:00,114223814,287.0
272,6,68ST-HUNTER CO,2016-01-15,08:00:00,114225144,1330.0
273,6,68ST-HUNTER CO,2016-01-15,12:00:00,114231013,5869.0
274,6,68ST-HUNTER CO,2016-01-15,16:00:00,114239172,8159.0
275,6,68ST-HUNTER CO,2016-01-15,20:00:00,114250888,11716.0
276,6,68ST-HUNTER CO,2016-01-16,00:00:00,114253660,2772.0
277,6,68ST-HUNTER CO,2016-01-16,04:00:00,114254062,402.0
278,6,68ST-HUNTER CO,2016-01-16,08:00:00,114254392,330.0
279,6,68ST-HUNTER CO,2016-01-16,12:00:00,114256101,1709.0
280,6,68ST-HUNTER CO,2016-01-16,16:00:00,114259595,3494.0
281,6,68ST-HUNTER CO,2016-01-16,20:00:00,114263610,4015.0
282,6,68ST-HUNTER CO,2016-01-17,00:00:00,114265412,1802.0
283,6,68ST-HUNTER CO,2016-01-17,04:00:00,114265687,275.0
284,6,68ST-HUNTER CO,2016-01-17,08:00:00,114265947,260.0
285,6,68ST-HUNTER CO,2016-01-17,12:00:00,114267288,1341.0
286,6,68ST-HUNTER CO,2016-01-17,16:00:00,114270083,2795.0
287,6,68ST-HUNTER CO,2016-01-17,20:00:00,114272968,2885.0
288,6,68ST-HUNTER CO,2016-01-18,00:00:00,114274123,1155.0
289,6,68ST-HUNTER CO,2016-01-18,04:00:00,114274317,194.0
290,6,68ST-HUNTER CO,2016-01-18,08:00:00,114274834,517.0
291,6,68ST-HUNTER CO,2016-01-18,12:00:00,114277992,3158.0
292,6,68ST-HUNTER CO,2016-01-18,16:00:00,114282970,4978.0
293,6,68ST-HUNTER CO,2016-01-18,20:00:00,114289930,6960.0
294,6,68ST-HUNTER CO,2016-01-19,00:00:00,114291732,1802.0
295,6,68ST-HUNTER CO,2016-01-19,04:00:00,114291965,233.0
296,6,68ST-HUNTER CO,2016-01-19,08:00:00,114293465,1500.0
297,6,68ST-HUNTER CO,2016-01-19,12:00:00,114299750,6285.0
298,6,68ST-HUNTER CO,2016-01-19,16:00:00,114308548,8798.0
299,6,68ST-HUNTER CO,2016-01-19,20:00:00,114322217,13669.0
300,6,68ST-HUNTER CO,2016-01-20,00:00:00,114325216,2999.0
301,6,68ST-HUNTER CO,2016-01-20,04:00:00,114325490,274.0
302,6,68ST-HUNTER CO,2016-01-20,08:00:00,114327039,1549.0
303,6,68ST-HUNTER CO,2016-01-20,12:00:00,114333355,6316.0
304,6,68ST-HUNTER CO,2016-01-20,16:00:00,114341912,8557.0
305,6,68ST-HUNTER CO,2016-01-20,20:00:00,114355778,13866.0
306,6,68ST-HUNTER CO,2016-01-21,00:00:00,114358742,2964.0
307,6,68ST-HUNTER CO,2016-01-21,04:00:00,114358978,236.0
308,6,68ST-HUNTER CO,2016-01-21,08:00:00,114360479,1501.0
309,6,68ST-HUNTER CO,2016-01-21,12:00:00,114366796,6317.0
310,6,68ST-HUNTER CO,2016-01-21,16:00:00,114375753,8957.0
311,6,68ST-HUNTER CO,2016-01-21,20:00:00,114390345,14592.0
312,6,68ST-HUNTER CO,2016-01-22,00:00:00,114393708,3363.0
313,6,68ST-HUNTER CO,2016-01-22,04:00:00,114394005,297.0
314,6,68ST-HUNTER CO,2016-01-22,08:00:00,114395395,1390.0
315,6,68ST-HUNTER CO,2016-01-22,12:00:00,114401520,6125.0
316,6,68ST-HUNTER CO,2016-01-22,16:00:00,114410277,8757.0
317,6,68ST-HUNTER CO,2016-01-22,20:00:00,114422388,12111.0
318,6,68ST-HUNTER CO,2016-01-23,00:00:00,114425234,2846.0
319,6,68ST-HUNTER CO,2016-01-23,04:00:00,114425551,317.0
320,6,68ST-HUNTER CO,2016-01-23,08:00:00,114425912,361.0
321,6,68ST-HUNTER CO,2016-01-23,12:00:00,114427295,1383.0
322,6,68ST-HUNTER CO,2016-01-23,16:00:00,114430228,2933.0
323,6,68ST-HUNTER CO,2016-01-23,20:00:00,114431493,1265.0
324,6,68ST-HUNTER CO,2016-01-24,00:00:00,114432277,784.0
325,6,68ST-HUNTER CO,2016-01-24,04:00:00,114432508,231.0
326,6,68ST-HUNTER CO,2016-01-24,08:00:00,114432749,241.0
327,6,68ST-HUNTER CO,2016-01-24,12:00:00,114434116,1367.0
328,6,68ST-HUNTER CO,2016-01-24,16:00:00,114437059,2943.0
329,6,68ST-HUNTER CO,2016-01-24,20:00:00,114440092,3033.0
330,6,68ST-HUNTER CO,2016-01-25,00:00:00,114441359,1267.0
331,6,68ST-HUNTER CO,2016-01-25,04:00:00,114441541,182.0
332,6,68ST-HUNTER CO,2016-01-25,08:00:00,114443113,1572.0
333,6,68ST-HUNTER CO,2016-01-25,12:00:00,114449570,6457.0
334,6,68ST-HUNTER CO,2016-01-25,16:00:00,114457229,7659.0
335,6,68ST-HUNTER CO,2016-01-25,20:00:00,114470287,13058.0
336,6,68ST-HUNTER CO,2016-01-26,00:00:00,114473355,3068.0
337,6,68ST-HUNTER CO,2016-01-26,04:00:00,114473649,294.0
338,6,68ST-HUNTER CO,2016-01-26,08:00:00,114475211,1562.0
339,6,68ST-HUNTER CO,2016-01-26,12:00:00,114481786,6575.0
340,6,68ST-HUNTER CO,2016-01-26,16:00:00,114489979,8193.0
341,6,68ST-HUNTER CO,2016-01-26,20:00:00,114504187,14208.0
342,6,68ST-HUNTER CO,2016-01-27,00:00:00,114507401,3214.0
343,6,68ST-HUNTER CO,2016-01-27,04:00:00,114507652,251.0
344,6,68ST-HUNTER CO,2016-01-27,08:00:00,114509218,1566.0
345,6,68ST-HUNTER CO,2016-01-27,12:00:00,114515681,6463.0
346,6,68ST-HUNTER CO,2016-01-27,16:00:00,114524071,8390.0
347,6,68ST-HUNTER CO,2016-01-27,20:00:00,114537893,13822.0
348,6,68ST-HUNTER CO,2016-01-28,00:00:00,114541068,3175.0
349,6,68ST-HUNTER CO,2016-01-28,04:00:00,114541330,262.0
350,6,68ST-HUNTER CO,2016-01-28,08:00:00,114542804,1474.0
351,6,68ST-HUNTER CO,2016-01-28,12:00:00,114549203,6399.0
352,6,68ST-HUNTER CO,2016-01-28,16:00:00,114557364,8161.0
353,6,68ST-HUNTER CO,2016-01-28,20:00:00,114571116,13752.0
354,6,68ST-HUNTER CO,2016-01-29,00:00:00,114574391,3275.0
355,6,68ST-HUNTER CO,2016-01-29,04:00:00,114574724,333.0
356,6,68ST-HUNTER CO,2016-01-29,08:00:00,114576107,1383.0
357,6,68ST-HUNTER CO,2016-01-29,12:00:00,114582968,6861.0
358,6,68ST-HUNTER CO,2016-01-29,16:00:00,114593673,10705.0
359,6,68ST-HUNTER CO,2016-01-29,20:00:00,114607523,13850.0
360,6,68ST-HUNTER CO,2016-01-30,00:00:00,114610766,3243.0
361,6,68ST-HUNTER CO,2016-01-30,04:00:00,114611119,353.0
362,6,68ST-HUNTER CO,2016-01-30,08:00:00,114611546,427.0
363,6,68ST-HUNTER CO,2016-01-30,12:00:00,114613881,2335.0
364,6,68ST-HUNTER CO,2016-01-30,16:00:00,114618649,4768.0
365,6,68ST-HUNTER CO,2016-01-30,20:00:00,114623305,4656.0
366,6,68ST-HUNTER CO,2016-01-31,00:00:00,114625323,2018.0
367,6,68ST-HUNTER CO,2016-01-31,04:00:00,114625672,349.0
368,6,68ST-HUNTER CO,2016-01-31,08:00:00,114625918,246.0
369,6,68ST-HUNTER CO,2016-01-31,12:00:00,114627492,1574.0
370,6,68ST-HUNTER CO,2016-01-31,16:00:00,114630649,3157.0
371,6,68ST-HUNTER CO,2016-01-31,20:00:00,114633913,3264.0
372,6,77 ST,2016-01-01,00:00:00,230246716,0.0
373,6,77 ST,2016-01-01,04:00:00,230248147,1431.0
374,6,77 ST,2016-01-01,08:00:00,230248553,406.0
375,6,77 ST,2016-01-01,12:00:00,230249837,1284.0
376,6,77 ST,2016-01-01,16:00:00,230253540,3703.0
377,6,77 ST,2016-01-01,20:00:00,230257213,3673.0
378,6,77 ST,2016-01-02,00:00:00,230259264,2051.0
379,6,77 ST,2016-01-02,04:00:00,230259477,213.0
380,6,77 ST,2016-01-02,08:00:00,230259638,161.0
381,6,77 ST,2016-01-02,12:00:00,230260380,742.0
382,6,77 ST,2016-01-02,16:00:00,230261977,1597.0
383,6,77 ST,2016-01-02,20:00:00,230264053,2076.0
384,6,77 ST,2016-01-03,00:00:00,230265306,1253.0
385,6,77 ST,2016-01-03,04:00:00,230265558,252.0
386,6,77 ST,2016-01-03,08:00:00,230265712,154.0
387,6,77 ST,2016-01-03,12:00:00,230274096,8384.0
388,6,77 ST,2016-01-03,16:00:00,230275328,1232.0
389,6,77 ST,2016-01-03,20:00:00,230276898,1570.0
390,6,77 ST,2016-01-04,00:00:00,230277782,884.0
391,6,77 ST,2016-01-04,04:00:00,230277948,166.0
392,6,77 ST,2016-01-04,08:00:00,230280654,2706.0
393,6,77 ST,2016-01-04,12:00:00,230289721,9067.0
394,6,77 ST,2016-01-04,16:00:00,230297489,7768.0
395,6,77 ST,2016-01-04,20:00:00,230309429,11940.0
396,6,77 ST,2016-01-05,00:00:00,230312648,3219.0
397,6,77 ST,2016-01-05,04:00:00,230312956,308.0
398,6,77 ST,2016-01-05,08:00:00,230315768,2812.0
399,6,77 ST,2016-01-05,12:00:00,230325348,9580.0
400,6,77 ST,2016-01-05,16:00:00,230333675,8327.0
401,6,77 ST,2016-01-05,20:00:00,230345622,11947.0
402,6,77 ST,2016-01-06,00:00:00,230349081,3459.0
403,6,77 ST,2016-01-06,04:00:00,230349359,278.0
404,6,77 ST,2016-01-06,08:00:00,230352105,2746.0
405,6,77 ST,2016-01-06,12:00:00,230362103,9998.0
406,6,77 ST,2016-01-06,16:00:00,230370623,8520.0
407,6,77 ST,2016-01-06,20:00:00,230383046,12423.0
408,6,77 ST,2016-01-07,00:00:00,230386766,3720.0
409,6,77 ST,2016-01-07,04:00:00,230387116,350.0
410,6,77 ST,2016-01-07,08:00:00,230389758,2642.0
411,6,77 ST,2016-01-07,12:00:00,230399669,9911.0
412,6,77 ST,2016-01-07,16:00:00,230408351,8682.0
413,6,77 ST,2016-01-07,20:00:00,230420794,12443.0
414,6,77 ST,2016-01-08,00:00:00,230424451,3657.0
415,6,77 ST,2016-01-08,04:00:00,230424857,406.0
416,6,77 ST,2016-01-08,08:00:00,230427381,2524.0
417,6,77 ST,2016-01-08,12:00:00,230433024,5643.0
418,6,77 ST,2016-01-08,16:00:00,230441993,8969.0
419,6,77 ST,2016-01-08,20:00:00,230453539,11546.0
420,6,77 ST,2016-01-09,00:00:00,230457647,4108.0
421,6,77 ST,2016-01-09,04:00:00,230458190,543.0
422,6,77 ST,2016-01-09,08:00:00,230458662,472.0
423,6,77 ST,2016-01-09,12:00:00,230461226,2564.0
424,6,77 ST,2016-01-09,16:00:00,230466441,5215.0
425,6,77 ST,2016-01-09,20:00:00,230472416,5975.0
426,6,77 ST,2016-01-10,00:00:00,230475713,3297.0
427,6,77 ST,2016-01-10,04:00:00,230476399,686.0
428,6,77 ST,2016-01-10,08:00:00,230476754,355.0
429,6,77 ST,2016-01-10,12:00:00,230478384,1630.0
430,6,77 ST,2016-01-10,16:00:00,230482184,3800.0
431,6,77 ST,2016-01-10,20:00:00,230486201,4017.0
432,6,77 ST,2016-01-11,00:00:00,230488337,2136.0
433,6,77 ST,2016-01-11,04:00:00,230488596,259.0
434,6,77 ST,2016-01-11,08:00:00,230491320,2724.0
435,6,77 ST,2016-01-11,12:00:00,230501220,9900.0
436,6,77 ST,2016-01-11,16:00:00,230509204,7984.0
437,6,77 ST,2016-01-11,20:00:00,230520738,11534.0
438,6,77 ST,2016-01-12,00:00:00,230524152,3414.0
439,6,77 ST,2016-01-12,04:00:00,230524473,321.0
440,6,77 ST,2016-01-12,08:00:00,230527333,2860.0
441,6,77 ST,2016-01-12,12:00:00,230536879,9546.0
442,6,77 ST,2016-01-12,16:00:00,230545248,8369.0
443,6,77 ST,2016-01-12,20:00:00,230557506,12258.0
444,6,77 ST,2016-01-13,00:00:00,230561289,3783.0
445,6,77 ST,2016-01-13,04:00:00,230561604,315.0
446,6,77 ST,2016-01-13,08:00:00,230564382,2778.0
447,6,77 ST,2016-01-13,12:00:00,230574578,10196.0
448,6,77 ST,2016-01-13,16:00:00,230582965,8387.0
449,6,77 ST,2016-01-13,20:00:00,230595275,12310.0
450,6,77 ST,2016-01-14,00:00:00,230599047,3772.0
451,6,77 ST,2016-01-14,04:00:00,230599415,368.0
452,6,77 ST,2016-01-14,08:00:00,230602042,2627.0
453,6,77 ST,2016-01-14,12:00:00,230611937,9895.0
454,6,77 ST,2016-01-14,16:00:00,230620151,8214.0
455,6,77 ST,2016-01-14,20:00:00,230632467,12316.0
456,6,77 ST,2016-01-15,00:00:00,230636315,3848.0
457,6,77 ST,2016-01-15,04:00:00,230636667,352.0
458,6,77 ST,2016-01-15,08:00:00,230639018,2351.0
459,6,77 ST,2016-01-15,12:00:00,230648218,9200.0
460,6,77 ST,2016-01-15,16:00:00,230656875,8657.0
461,6,77 ST,2016-01-15,20:00:00,230668220,11345.0
462,6,77 ST,2016-01-16,00:00:00,230672184,3964.0
463,6,77 ST,2016-01-16,04:00:00,230672770,586.0
464,6,77 ST,2016-01-16,08:00:00,230673209,439.0
465,6,77 ST,2016-01-16,12:00:00,230675829,2620.0
466,6,77 ST,2016-01-16,16:00:00,230680903,5074.0
467,6,77 ST,2016-01-16,20:00:00,230686817,5914.0
468,6,77 ST,2016-01-17,00:00:00,230689876,3059.0
469,6,77 ST,2016-01-17,04:00:00,230690501,625.0
470,6,77 ST,2016-01-17,08:00:00,230690813,312.0
471,6,77 ST,2016-01-17,12:00:00,230692649,1836.0
472,6,77 ST,2016-01-17,16:00:00,230696761,4112.0
473,6,77 ST,2016-01-17,20:00:00,230700937,4176.0
474,6,77 ST,2016-01-18,00:00:00,230703021,2084.0
475,6,77 ST,2016-01-18,04:00:00,230703352,331.0
476,6,77 ST,2016-01-18,08:00:00,230704249,897.0
477,6,77 ST,2016-01-18,12:00:00,230708855,4606.0
478,6,77 ST,2016-01-18,16:00:00,230715505,6650.0
479,6,77 ST,2016-01-18,20:00:00,230723484,7979.0
480,6,77 ST,2016-01-19,00:00:00,230726427,2943.0
481,6,77 ST,2016-01-19,04:00:00,230726695,268.0
482,6,77 ST,2016-01-19,08:00:00,230729567,2872.0
483,6,77 ST,2016-01-19,12:00:00,230739371,9804.0
484,6,77 ST,2016-01-19,16:00:00,230747623,8252.0
485,6,77 ST,2016-01-19,20:00:00,230759420,11797.0
486,6,77 ST,2016-01-20,00:00:00,230762971,3551.0
487,6,77 ST,2016-01-20,04:00:00,230763329,358.0
488,6,77 ST,2016-01-20,08:00:00,230766144,2815.0
489,6,77 ST,2016-01-20,12:00:00,230776367,10223.0
490,6,77 ST,2016-01-20,16:00:00,230784694,8327.0
491,6,77 ST,2016-01-20,20:00:00,230796859,12165.0
492,6,77 ST,2016-01-21,00:00:00,230800579,3720.0
493,6,77 ST,2016-01-21,04:00:00,230800901,322.0
494,6,77 ST,2016-01-21,08:00:00,230803609,2708.0
495,6,77 ST,2016-01-21,12:00:00,230813829,10220.0
496,6,77 ST,2016-01-21,16:00:00,230822354,8525.0
497,6,77 ST,2016-01-21,20:00:00,230834778,12424.0
498,6,77 ST,2016-01-22,00:00:00,230838688,3910.0
499,6,77 ST,2016-01-22,04:00:00,230839063,375.0
500,6,77 ST,2016-01-22,08:00:00,230841601,2538.0
501,6,77 ST,2016-01-22,12:00:00,230851228,9627.0
502,6,77 ST,2016-01-22,16:00:00,230859851,8623.0
503,6,77 ST,2016-01-22,20:00:00,230871063,11212.0
504,6,77 ST,2016-01-23,00:00:00,230875010,3947.0
505,6,77 ST,2016-01-23,04:00:00,230875571,561.0
506,6,77 ST,2016-01-23,08:00:00,230875993,422.0
507,6,77 ST,2016-01-23,12:00:00,230877514,1521.0
508,6,77 ST,2016-01-23,16:00:00,230881879,4365.0
509,6,77 ST,2016-01-23,20:00:00,230883366,1487.0
510,6,77 ST,2016-01-24,00:00:00,230884357,991.0
511,6,77 ST,2016-01-24,04:00:00,230884745,388.0
512,6,77 ST,2016-01-24,08:00:00,230885081,336.0
513,6,77 ST,2016-01-24,12:00:00,230886829,1748.0
514,6,77 ST,2016-01-24,16:00:00,230890976,4147.0
515,6,77 ST,2016-01-24,20:00:00,230895341,4365.0
516,6,77 ST,2016-01-25,00:00:00,230897853,2512.0
517,6,77 ST,2016-01-25,04:00:00,230898126,273.0
518,6,77 ST,2016-01-25,08:00:00,230901218,3092.0
519,6,77 ST,2016-01-25,12:00:00,230911534,10316.0
520,6,77 ST,2016-01-25,16:00:00,230919216,7682.0
521,6,77 ST,2016-01-25,20:00:00,230930591,11375.0
522,6,77 ST,2016-01-26,00:00:00,230934276,3685.0
523,6,77 ST,2016-01-26,04:00:00,230934620,344.0
524,6,77 ST,2016-01-26,08:00:00,230937591,2971.0
525,6,77 ST,2016-01-26,12:00:00,230948256,10665.0
526,6,77 ST,2016-01-26,16:00:00,230956413,8157.0
527,6,77 ST,2016-01-26,20:00:00,230968878,12465.0
528,6,77 ST,2016-01-27,00:00:00,230972713,3835.0
529,6,77 ST,2016-01-27,04:00:00,230973086,373.0
530,6,77 ST,2016-01-27,08:00:00,230975941,2855.0
531,6,77 ST,2016-01-27,12:00:00,230986645,10704.0
532,6,77 ST,2016-01-27,16:00:00,230995128,8483.0
533,6,77 ST,2016-01-27,20:00:00,231007432,12304.0
534,6,77 ST,2016-01-28,00:00:00,231011400,3968.0
535,6,77 ST,2016-01-28,04:00:00,231011788,388.0
536,6,77 ST,2016-01-28,08:00:00,231014496,2708.0
537,6,77 ST,2016-01-28,12:00:00,231025109,10613.0
538,6,77 ST,2016-01-28,16:00:00,231033508,8399.0
539,6,77 ST,2016-01-28,20:00:00,231045867,12359.0
540,6,77 ST,2016-01-29,00:00:00,231049945,4078.0
541,6,77 ST,2016-01-29,04:00:00,231050326,381.0
542,6,77 ST,2016-01-29,08:00:00,231052831,2505.0
543,6,77 ST,2016-01-29,12:00:00,231062651,9820.0
544,6,77 ST,2016-01-29,16:00:00,231071097,8446.0
545,6,77 ST,2016-01-29,20:00:00,231082518,11421.0
546,6,77 ST,2016-01-30,00:00:00,231086902,4384.0
547,6,77 ST,2016-01-30,04:00:00,231087547,645.0
548,6,77 ST,2016-01-30,08:00:00,231088030,483.0
549,6,77 ST,2016-01-30,12:00:00,231090971,2941.0
550,6,77 ST,2016-01-30,16:00:00,231096466,5495.0
551,6,77 ST,2016-01-30,20:00:00,231102609,6143.0
552,6,77 ST,2016-01-31,00:00:00,231106035,3426.0
553,6,77 ST,2016-01-31,04:00:00,231106647,612.0
554,6,77 ST,2016-01-31,08:00:00,231107011,364.0
555,6,77 ST,2016-01-31,12:00:00,231109139,2128.0
556,6,77 ST,2016-01-31,16:00:00,231113423,4284.0
557,6,77 ST,2016-01-31,20:00:00,231117532,4109.0
558,6,96 ST,2016-01-01,00:00:00,94153303,0.0
559,6,96 ST,2016-01-01,04:00:00,94153959,656.0
560,6,96 ST,2016-01-01,08:00:00,94154367,408.0
561,6,96 ST,2016-01-01,12:00:00,94155680,1313.0
562,6,96 ST,2016-01-01,16:00:00,94158464,2784.0
563,6,96 ST,2016-01-01,20:00:00,94160858,2394.0
564,6,96 ST,2016-01-02,00:00:00,94161935,1077.0
565,6,96 ST,2016-01-02,04:00:00,94162078,143.0
566,6,96 ST,2016-01-02,08:00:00,94162379,301.0
567,6,96 ST,2016-01-02,12:00:00,94163685,1306.0
568,6,96 ST,2016-01-02,16:00:00,94165622,1937.0
569,6,96 ST,2016-01-02,20:00:00,94166999,1377.0
570,6,96 ST,2016-01-03,00:00:00,94167722,723.0
571,6,96 ST,2016-01-03,04:00:00,94167867,145.0
572,6,96 ST,2016-01-03,08:00:00,94168037,170.0
573,6,96 ST,2016-01-03,12:00:00,94168730,693.0
574,6,96 ST,2016-01-03,16:00:00,94169740,1010.0
575,6,96 ST,2016-01-03,20:00:00,94170681,941.0
576,6,96 ST,2016-01-04,00:00:00,94171204,523.0
577,6,96 ST,2016-01-04,04:00:00,94171300,96.0
578,6,96 ST,2016-01-04,08:00:00,94173741,2441.0
579,6,96 ST,2016-01-04,12:00:00,94180870,7129.0
580,6,96 ST,2016-01-04,16:00:00,94186748,5878.0
581,6,96 ST,2016-01-04,20:00:00,94194689,7941.0
582,6,96 ST,2016-01-05,00:00:00,94196234,1545.0
583,6,96 ST,2016-01-05,04:00:00,94196380,146.0
584,6,96 ST,2016-01-05,08:00:00,94198853,2473.0
587,6,96 ST,2016-01-05,20:00:00,94220394,8121.0
588,6,96 ST,2016-01-06,00:00:00,94222189,1795.0
589,6,96 ST,2016-01-06,04:00:00,94222353,164.0
590,6,96 ST,2016-01-06,08:00:00,94224806,2453.0
591,6,96 ST,2016-01-06,12:00:00,94232424,7618.0
592,6,96 ST,2016-01-06,16:00:00,94238826,6402.0
593,6,96 ST,2016-01-06,20:00:00,94247396,8570.0
594,6,96 ST,2016-01-07,00:00:00,94249266,1870.0
595,6,96 ST,2016-01-07,04:00:00,94249516,250.0
596,6,96 ST,2016-01-07,08:00:00,94251948,2432.0
597,6,96 ST,2016-01-07,12:00:00,94259719,7771.0
598,6,96 ST,2016-01-07,16:00:00,94266022,6303.0
599,6,96 ST,2016-01-07,20:00:00,94274717,8695.0
600,6,96 ST,2016-01-08,00:00:00,94276643,1926.0
601,6,96 ST,2016-01-08,04:00:00,94276848,205.0
602,6,96 ST,2016-01-08,08:00:00,94279295,2447.0
603,6,96 ST,2016-01-08,12:00:00,94286333,7038.0
604,6,96 ST,2016-01-08,16:00:00,94293193,6860.0
605,6,96 ST,2016-01-08,20:00:00,94301171,7978.0
606,6,96 ST,2016-01-09,00:00:00,94303264,2093.0
607,6,96 ST,2016-01-09,04:00:00,94303543,279.0
608,6,96 ST,2016-01-09,08:00:00,94304052,509.0
609,6,96 ST,2016-01-09,12:00:00,94306729,2677.0
610,6,96 ST,2016-01-09,16:00:00,94310181,3452.0
611,6,96 ST,2016-01-09,20:00:00,94313626,3445.0
612,6,96 ST,2016-01-10,00:00:00,94315360,1734.0
613,6,96 ST,2016-01-10,04:00:00,94315648,288.0
614,6,96 ST,2016-01-10,08:00:00,94316006,358.0
615,6,96 ST,2016-01-10,12:00:00,94317722,1716.0
616,6,96 ST,2016-01-10,16:00:00,94320276,2554.0
617,6,96 ST,2016-01-10,20:00:00,94322489,2213.0
618,6,96 ST,2016-01-11,00:00:00,94323526,1037.0
619,6,96 ST,2016-01-11,04:00:00,94323672,146.0
620,6,96 ST,2016-01-11,08:00:00,94326227,2555.0
621,6,96 ST,2016-01-11,12:00:00,94333840,7613.0
622,6,96 ST,2016-01-11,16:00:00,94339894,6054.0
623,6,96 ST,2016-01-11,20:00:00,94348352,8458.0
624,6,96 ST,2016-01-12,00:00:00,94350090,1738.0
625,6,96 ST,2016-01-12,04:00:00,94350266,176.0
626,6,96 ST,2016-01-12,08:00:00,94352813,2547.0
627,6,96 ST,2016-01-12,12:00:00,94360456,7643.0
628,6,96 ST,2016-01-12,16:00:00,94366589,6133.0
629,6,96 ST,2016-01-12,20:00:00,94375274,8685.0
630,6,96 ST,2016-01-13,00:00:00,94377173,1899.0
631,6,96 ST,2016-01-13,04:00:00,94377354,181.0
632,6,96 ST,2016-01-13,08:00:00,94379913,2559.0
633,6,96 ST,2016-01-13,12:00:00,94387781,7868.0
634,6,96 ST,2016-01-13,16:00:00,94394198,6417.0
635,6,96 ST,2016-01-13,20:00:00,94402963,8765.0
636,6,96 ST,2016-01-14,00:00:00,94404862,1899.0
637,6,96 ST,2016-01-14,04:00:00,94405046,184.0
638,6,96 ST,2016-01-14,08:00:00,94407565,2519.0
639,6,96 ST,2016-01-14,12:00:00,94415344,7779.0
640,6,96 ST,2016-01-14,16:00:00,94421581,6237.0
641,6,96 ST,2016-01-14,20:00:00,94430208,8627.0
642,6,96 ST,2016-01-15,00:00:00,94432364,2156.0
643,6,96 ST,2016-01-15,04:00:00,94432560,196.0
644,6,96 ST,2016-01-15,08:00:00,94434923,2363.0
645,6,96 ST,2016-01-15,12:00:00,94442477,7554.0
646,6,96 ST,2016-01-15,16:00:00,94449085,6608.0
647,6,96 ST,2016-01-15,20:00:00,94457044,7959.0
648,6,96 ST,2016-01-16,00:00:00,94459165,2121.0
649,6,96 ST,2016-01-16,04:00:00,94459467,302.0
650,6,96 ST,2016-01-16,08:00:00,94460022,555.0
651,6,96 ST,2016-01-16,12:00:00,94462374,2352.0
652,6,96 ST,2016-01-16,16:00:00,94465713,3339.0
653,6,96 ST,2016-01-16,20:00:00,94468988,3275.0
654,6,96 ST,2016-01-17,00:00:00,94470678,1690.0
655,6,96 ST,2016-01-17,04:00:00,94470966,288.0
656,6,96 ST,2016-01-17,08:00:00,94471326,360.0
657,6,96 ST,2016-01-17,12:00:00,94473220,1894.0
658,6,96 ST,2016-01-17,16:00:00,94476029,2809.0
659,6,96 ST,2016-01-17,20:00:00,94478384,2355.0
660,6,96 ST,2016-01-18,00:00:00,94479472,1088.0
661,6,96 ST,2016-01-18,04:00:00,94479625,153.0
662,6,96 ST,2016-01-18,08:00:00,94480583,958.0
663,6,96 ST,2016-01-18,12:00:00,94483980,3397.0
664,6,96 ST,2016-01-18,16:00:00,94487716,3736.0
665,6,96 ST,2016-01-18,20:00:00,94491383,3667.0
666,6,96 ST,2016-01-19,00:00:00,94492601,1218.0
667,6,96 ST,2016-01-19,04:00:00,94492743,142.0
668,6,96 ST,2016-01-19,08:00:00,94495419,2676.0
669,6,96 ST,2016-01-19,12:00:00,94503273,7854.0
670,6,96 ST,2016-01-19,16:00:00,94509555,6282.0
671,6,96 ST,2016-01-19,20:00:00,94518031,8476.0
672,6,96 ST,2016-01-20,00:00:00,94519858,1827.0
673,6,96 ST,2016-01-20,04:00:00,94520056,198.0
674,6,96 ST,2016-01-20,08:00:00,94522735,2679.0
675,6,96 ST,2016-01-20,12:00:00,94530744,8009.0
676,6,96 ST,2016-01-20,16:00:00,94537214,6470.0
677,6,96 ST,2016-01-20,20:00:00,94545958,8744.0
678,6,96 ST,2016-01-21,00:00:00,94547855,1897.0
679,6,96 ST,2016-01-21,04:00:00,94548048,193.0
680,6,96 ST,2016-01-21,08:00:00,94550696,2648.0
681,6,96 ST,2016-01-21,12:00:00,94558645,7949.0
682,6,96 ST,2016-01-21,16:00:00,94565047,6402.0
683,6,96 ST,2016-01-21,20:00:00,94574105,9058.0
684,6,96 ST,2016-01-22,00:00:00,94576300,2195.0
685,6,96 ST,2016-01-22,04:00:00,94576507,207.0
686,6,96 ST,2016-01-22,08:00:00,94578912,2405.0
687,6,96 ST,2016-01-22,12:00:00,94586522,7610.0
688,6,96 ST,2016-01-22,16:00:00,94593345,6823.0
689,6,96 ST,2016-01-22,20:00:00,94601673,8328.0
690,6,96 ST,2016-01-23,00:00:00,94603757,2084.0
691,6,96 ST,2016-01-23,04:00:00,94604043,286.0
692,6,96 ST,2016-01-23,08:00:00,94604535,492.0
693,6,96 ST,2016-01-23,12:00:00,94605902,1367.0
694,6,96 ST,2016-01-23,16:00:00,94607822,1920.0
695,6,96 ST,2016-01-23,20:00:00,94608665,843.0
696,6,96 ST,2016-01-24,00:00:00,94609123,458.0
697,6,96 ST,2016-01-24,04:00:00,94609244,121.0
698,6,96 ST,2016-01-24,08:00:00,94609617,373.0
699,6,96 ST,2016-01-24,12:00:00,94611246,1629.0
700,6,96 ST,2016-01-24,16:00:00,94613760,2514.0
701,6,96 ST,2016-01-24,20:00:00,94615854,2094.0
702,6,96 ST,2016-01-25,00:00:00,94616887,1033.0
703,6,96 ST,2016-01-25,04:00:00,94617067,180.0
704,6,96 ST,2016-01-25,08:00:00,94619830,2763.0
705,6,96 ST,2016-01-25,12:00:00,94627804,7974.0
706,6,96 ST,2016-01-25,16:00:00,94633673,5869.0
707,6,96 ST,2016-01-25,20:00:00,94642036,8363.0
708,6,96 ST,2016-01-26,00:00:00,94643924,1888.0
709,6,96 ST,2016-01-26,04:00:00,94644177,253.0
710,6,96 ST,2016-01-26,08:00:00,94646984,2807.0
711,6,96 ST,2016-01-26,12:00:00,94655395,8411.0
712,6,96 ST,2016-01-26,16:00:00,94661776,6381.0
713,6,96 ST,2016-01-26,20:00:00,94670843,9067.0
714,6,96 ST,2016-01-27,00:00:00,94673034,2191.0
715,6,96 ST,2016-01-27,04:00:00,94673277,243.0
716,6,96 ST,2016-01-27,08:00:00,94676069,2792.0
717,6,96 ST,2016-01-27,12:00:00,94684409,8340.0
718,6,96 ST,2016-01-27,16:00:00,94690981,6572.0
719,6,96 ST,2016-01-27,20:00:00,94700213,9232.0
720,6,96 ST,2016-01-28,00:00:00,94702412,2199.0
721,6,96 ST,2016-01-28,04:00:00,94702640,228.0
722,6,96 ST,2016-01-28,08:00:00,94705342,2702.0
723,6,96 ST,2016-01-28,12:00:00,94713771,8429.0
724,6,96 ST,2016-01-28,16:00:00,94720295,6524.0
725,6,96 ST,2016-01-28,20:00:00,94729552,9257.0
726,6,96 ST,2016-01-29,00:00:00,94731813,2261.0
727,6,96 ST,2016-01-29,04:00:00,94732081,268.0
728,6,96 ST,2016-01-29,08:00:00,94734562,2481.0
729,6,96 ST,2016-01-29,12:00:00,94742367,7805.0
730,6,96 ST,2016-01-29,16:00:00,94748927,6560.0
731,6,96 ST,2016-01-29,20:00:00,94757576,8649.0
732,6,96 ST,2016-01-30,00:00:00,94760000,2424.0
733,6,96 ST,2016-01-30,04:00:00,94760326,326.0
734,6,96 ST,2016-01-30,08:00:00,94760959,633.0
735,6,96 ST,2016-01-30,12:00:00,94763727,2768.0
736,6,96 ST,2016-01-30,16:00:00,94767496,3769.0
737,6,96 ST,2016-01-30,20:00:00,94771395,3899.0
738,6,96 ST,2016-01-31,00:00:00,94773295,1900.0
739,6,96 ST,2016-01-31,04:00:00,94773606,311.0
740,6,96 ST,2016-01-31,08:00:00,94774047,441.0
741,6,96 ST,2016-01-31,12:00:00,94776228,2181.0
742,6,96 ST,2016-01-31,16:00:00,94779396,3168.0
743,6,96 ST,2016-01-31,20:00:00,94782133,2737.0
