,STATION,DATE,TIME,ENTRIES,NEW_ENTRIES
0,68ST-HUNTER CO,2015-01-01,00:00:00,22275560,0.0
1,68ST-HUNTER CO,2015-01-01,04:00:00,114209581,2085.0
2,68ST-HUNTER CO,2015-01-01,08:00:00,114209836,255.0
3,68ST-HUNTER CO,2015-01-01,12:00:00,114210758,922.0
4,68ST-HUNTER CO,2015-01-01,16:00:00,114213003,2245.0
5,68ST-HUNTER CO,2015-01-01,20:00:00,114215423,2420.0
6,68ST-HUNTER CO,2015-01-02,00:00:00,114216456,1033.0
7,68ST-HUNTER CO,2015-01-02,04:00:00,114216633,177.0
8,68ST-HUNTER CO,2015-01-02,08:00:00,114217247,614.0
9,68ST-HUNTER CO,2015-01-02,12:00:00,114220559,3312.0
10,68ST-HUNTER CO,2015-01-02,16:00:00,114226698,6139.0
11,68ST-HUNTER CO,2015-01-02,20:00:00,114234860,8162.0
12,68ST-HUNTER CO,2015-01-03,00:00:00,114237213,2353.0
13,68ST-HUNTER CO,2015-01-03,04:00:00,114237529,316.0
14,68ST-HUNTER CO,2015-01-03,08:00:00,114237883,354.0
15,68ST-HUNTER CO,2015-01-03,12:00:00,114239384,1501.0
16,68ST-HUNTER CO,2015-01-03,16:00:00,114242826,3442.0
17,68ST-HUNTER CO,2015-01-03,20:00:00,114246545,3719.0
18,68ST-HUNTER CO,2015-01-04,00:00:00,114248132,1587.0
19,68ST-HUNTER CO,2015-01-04,04:00:00,114248363,231.0
20,68ST-HUNTER CO,2015-01-04,08:00:00,114248598,235.0
21,68ST-HUNTER CO,2015-01-04,12:00:00,114249818,1220.0
22,68ST-HUNTER CO,2015-01-04,16:00:00,114252532,2714.0
23,68ST-HUNTER CO,2015-01-04,20:00:00,114255360,2828.0
24,68ST-HUNTER CO,2015-01-05,00:00:00,114256528,1168.0
25,68ST-HUNTER CO,2015-01-05,04:00:00,114256689,161.0
26,68ST-HUNTER CO,2015-01-05,08:00:00,114258089,1400.0
27,68ST-HUNTER CO,2015-01-05,12:00:00,114263831,5742.0
28,68ST-HUNTER CO,2015-01-05,16:00:00,114271995,8164.0
29,68ST-HUNTER CO,2015-01-05,20:00:00,73712992,9808.0
30,68ST-HUNTER CO,2015-01-06,00:00:00,114287412,2655.0
31,68ST-HUNTER CO,2015-01-06,04:00:00,114287671,259.0
32,68ST-HUNTER CO,2015-01-06,08:00:00,114289152,1481.0
33,68ST-HUNTER CO,2015-01-06,12:00:00,114295345,6193.0
34,68ST-HUNTER CO,2015-01-06,16:00:00,114303956,8611.0
35,68ST-HUNTER CO,2015-01-06,20:00:00,73738100,10609.0
36,68ST-HUNTER CO,2015-01-07,00:00:00,114320550,3054.0
37,68ST-HUNTER CO,2015-01-07,04:00:00,114320776,226.0
38,68ST-HUNTER CO,2015-01-07,08:00:00,114322204,1428.0
39,68ST-HUNTER CO,2015-01-07,12:00:00,114328307,6103.0
40,68ST-HUNTER CO,2015-01-07,16:00:00,114336762,8455.0
41,68ST-HUNTER CO,2015-01-07,20:00:00,73763253,10652.0
42,68ST-HUNTER CO,2015-01-08,00:00:00,114353229,2869.0
43,68ST-HUNTER CO,2015-01-08,04:00:00,114353446,217.0
44,68ST-HUNTER CO,2015-01-08,08:00:00,114354808,1362.0
45,68ST-HUNTER CO,2015-01-08,12:00:00,114360787,5979.0
46,68ST-HUNTER CO,2015-01-08,16:00:00,114369078,8291.0
47,68ST-HUNTER CO,2015-01-08,20:00:00,92087134,11856.0
48,68ST-HUNTER CO,2015-01-09,00:00:00,114385458,2969.0
49,68ST-HUNTER CO,2015-01-09,04:00:00,114385711,253.0
50,68ST-HUNTER CO,2015-01-09,08:00:00,114387229,1518.0
51,68ST-HUNTER CO,2015-01-09,12:00:00,114394413,7184.0
52,68ST-HUNTER CO,2015-01-09,16:00:00,114403331,8918.0
53,68ST-HUNTER CO,2015-01-09,20:00:00,114414966,11635.0
54,68ST-HUNTER CO,2015-01-10,00:00:00,114417707,2741.0
55,68ST-HUNTER CO,2015-01-10,04:00:00,114418027,320.0
56,68ST-HUNTER CO,2015-01-10,08:00:00,114418426,399.0
57,68ST-HUNTER CO,2015-01-10,12:00:00,114420198,1772.0
58,68ST-HUNTER CO,2015-01-10,16:00:00,114423922,3724.0
59,68ST-HUNTER CO,2015-01-10,20:00:00,114428062,4140.0
60,68ST-HUNTER CO,2015-01-11,00:00:00,114429927,1865.0
61,68ST-HUNTER CO,2015-01-11,04:00:00,114430250,323.0
62,68ST-HUNTER CO,2015-01-11,08:00:00,114430519,269.0
63,68ST-HUNTER CO,2015-01-11,12:00:00,114431985,1466.0
64,68ST-HUNTER CO,2015-01-11,16:00:00,114434736,2751.0
65,68ST-HUNTER CO,2015-01-11,20:00:00,114437642,2906.0
66,68ST-HUNTER CO,2015-01-12,00:00:00,114438949,1307.0
67,68ST-HUNTER CO,2015-01-12,04:00:00,114439111,162.0
68,68ST-HUNTER CO,2015-01-12,08:00:00,114440508,1397.0
69,68ST-HUNTER CO,2015-01-12,12:00:00,114446622,6114.0
70,68ST-HUNTER CO,2015-01-12,16:00:00,114454728,8106.0
71,68ST-HUNTER CO,2015-01-12,20:00:00,73852785,10088.0
72,68ST-HUNTER CO,2015-01-13,00:00:00,114470705,2836.0
73,68ST-HUNTER CO,2015-01-13,04:00:00,114470933,228.0
74,68ST-HUNTER CO,2015-01-13,08:00:00,114472409,1476.0
75,68ST-HUNTER CO,2015-01-13,12:00:00,114478799,6390.0
76,68ST-HUNTER CO,2015-01-13,16:00:00,114487465,8666.0
77,68ST-HUNTER CO,2015-01-13,20:00:00,73878079,10638.0
78,68ST-HUNTER CO,2015-01-14,00:00:00,114504238,3090.0
79,68ST-HUNTER CO,2015-01-14,04:00:00,114504489,251.0
80,68ST-HUNTER CO,2015-01-14,08:00:00,114505922,1433.0
81,68ST-HUNTER CO,2015-01-14,12:00:00,114511959,6037.0
82,68ST-HUNTER CO,2015-01-14,16:00:00,114520299,8340.0
83,68ST-HUNTER CO,2015-01-14,20:00:00,73903054,10588.0
84,68ST-HUNTER CO,2015-01-15,00:00:00,114537075,3103.0
85,68ST-HUNTER CO,2015-01-15,04:00:00,114537300,225.0
86,68ST-HUNTER CO,2015-01-15,08:00:00,114538702,1402.0
87,68ST-HUNTER CO,2015-01-15,12:00:00,114544867,6165.0
88,68ST-HUNTER CO,2015-01-15,16:00:00,114553581,8714.0
89,68ST-HUNTER CO,2015-01-15,20:00:00,73928146,10434.0
90,68ST-HUNTER CO,2015-01-16,00:00:00,114570314,3180.0
91,68ST-HUNTER CO,2015-01-16,04:00:00,114570568,254.0
92,68ST-HUNTER CO,2015-01-16,08:00:00,114571913,1345.0
93,68ST-HUNTER CO,2015-01-16,12:00:00,114577736,5823.0
94,68ST-HUNTER CO,2015-01-16,16:00:00,114586011,8275.0
95,68ST-HUNTER CO,2015-01-16,20:00:00,92278245,10576.0
96,68ST-HUNTER CO,2015-01-17,00:00:00,114600882,2888.0
97,68ST-HUNTER CO,2015-01-17,04:00:00,114601223,341.0
98,68ST-HUNTER CO,2015-01-17,08:00:00,114601557,334.0
99,68ST-HUNTER CO,2015-01-17,12:00:00,114603218,1661.0
100,68ST-HUNTER CO,2015-01-17,16:00:00,114606926,3708.0
101,68ST-HUNTER CO,2015-01-17,20:00:00,114611434,4508.0
102,68ST-HUNTER CO,2015-01-18,00:00:00,114613333,1899.0
103,68ST-HUNTER CO,2015-01-18,04:00:00,114613599,266.0
104,68ST-HUNTER CO,2015-01-18,08:00:00,114613847,248.0
105,68ST-HUNTER CO,2015-01-18,12:00:00,114615154,1307.0
106,68ST-HUNTER CO,2015-01-18,16:00:00,114617819,2665.0
107,68ST-HUNTER CO,2015-01-18,20:00:00,114620423,2604.0
108,68ST-HUNTER CO,2015-01-19,00:00:00,114621635,1212.0
109,68ST-HUNTER CO,2015-01-19,04:00:00,114621795,160.0
110,68ST-HUNTER CO,2015-01-19,08:00:00,114622294,499.0
111,68ST-HUNTER CO,2015-01-19,12:00:00,114625363,3069.0
112,68ST-HUNTER CO,2015-01-19,16:00:00,114630552,5189.0
113,68ST-HUNTER CO,2015-01-19,20:00:00,114637697,7145.0
114,68ST-HUNTER CO,2015-01-20,00:00:00,114639561,1864.0
115,68ST-HUNTER CO,2015-01-20,04:00:00,114639739,178.0
116,68ST-HUNTER CO,2015-01-20,08:00:00,114641211,1472.0
117,68ST-HUNTER CO,2015-01-20,12:00:00,114647360,6149.0
118,68ST-HUNTER CO,2015-01-20,16:00:00,114655947,8587.0
119,68ST-HUNTER CO,2015-01-20,20:00:00,74004889,10471.0
120,68ST-HUNTER CO,2015-01-21,00:00:00,114672499,2998.0
121,68ST-HUNTER CO,2015-01-21,04:00:00,114672758,259.0
122,68ST-HUNTER CO,2015-01-21,08:00:00,114674255,1497.0
123,68ST-HUNTER CO,2015-01-21,12:00:00,114680529,6274.0
124,68ST-HUNTER CO,2015-01-21,16:00:00,114689166,8637.0
125,68ST-HUNTER CO,2015-01-21,20:00:00,74030108,10534.0
126,68ST-HUNTER CO,2015-01-22,00:00:00,114706008,3189.0
127,68ST-HUNTER CO,2015-01-22,04:00:00,114706271,263.0
128,68ST-HUNTER CO,2015-01-22,08:00:00,114707689,1418.0
129,68ST-HUNTER CO,2015-01-22,12:00:00,114713858,6169.0
130,68ST-HUNTER CO,2015-01-22,16:00:00,114722210,8352.0
131,68ST-HUNTER CO,2015-01-22,20:00:00,74055209,10671.0
132,68ST-HUNTER CO,2015-01-23,00:00:00,114739062,3070.0
133,68ST-HUNTER CO,2015-01-23,04:00:00,114739325,263.0
134,68ST-HUNTER CO,2015-01-23,08:00:00,114740682,1357.0
135,68ST-HUNTER CO,2015-01-23,12:00:00,114746730,6048.0
136,68ST-HUNTER CO,2015-01-23,16:00:00,114755113,8383.0
137,68ST-HUNTER CO,2015-01-23,20:00:00,96418242,10734.0
138,68ST-HUNTER CO,2015-01-24,00:00:00,114770102,2873.0
139,68ST-HUNTER CO,2015-01-24,04:00:00,114770475,373.0
140,68ST-HUNTER CO,2015-01-24,08:00:00,114770833,358.0
141,68ST-HUNTER CO,2015-01-24,12:00:00,114772651,1818.0
142,68ST-HUNTER CO,2015-01-24,16:00:00,114776669,4018.0
143,68ST-HUNTER CO,2015-01-24,20:00:00,114780890,4221.0
144,68ST-HUNTER CO,2015-01-25,00:00:00,114782783,1893.0
145,68ST-HUNTER CO,2015-01-25,04:00:00,114783111,328.0
146,68ST-HUNTER CO,2015-01-25,08:00:00,114783377,266.0
147,68ST-HUNTER CO,2015-01-25,12:00:00,114785094,1717.0
148,68ST-HUNTER CO,2015-01-25,16:00:00,114788420,3326.0
149,68ST-HUNTER CO,2015-01-25,20:00:00,114791523,3103.0
150,68ST-HUNTER CO,2015-01-26,00:00:00,114792787,1264.0
151,68ST-HUNTER CO,2015-01-26,04:00:00,114792984,197.0
152,68ST-HUNTER CO,2015-01-26,08:00:00,114794391,1407.0
153,68ST-HUNTER CO,2015-01-26,12:00:00,114800629,6238.0
154,68ST-HUNTER CO,2015-01-26,16:00:00,68181881,7482.0
155,68ST-HUNTER CO,2015-01-26,20:00:00,114820608,8028.0
156,68ST-HUNTER CO,2015-01-27,00:00:00,114821569,961.0
157,68ST-HUNTER CO,2015-01-27,04:00:00,114821585,16.0
158,68ST-HUNTER CO,2015-01-27,08:00:00,114821593,8.0
159,68ST-HUNTER CO,2015-01-27,12:00:00,114822872,1279.0
160,68ST-HUNTER CO,2015-01-27,16:00:00,114824740,1868.0
161,68ST-HUNTER CO,2015-01-27,20:00:00,114828272,3532.0
162,68ST-HUNTER CO,2015-01-28,00:00:00,114829748,1476.0
163,68ST-HUNTER CO,2015-01-28,04:00:00,114829934,186.0
164,68ST-HUNTER CO,2015-01-28,08:00:00,114831436,1502.0
165,68ST-HUNTER CO,2015-01-28,12:00:00,114838117,6681.0
166,68ST-HUNTER CO,2015-01-28,16:00:00,114847159,9042.0
167,68ST-HUNTER CO,2015-01-28,20:00:00,61878484,10873.0
168,68ST-HUNTER CO,2015-01-29,00:00:00,114868152,5018.0
169,68ST-HUNTER CO,2015-01-29,04:00:00,114868359,207.0
170,68ST-HUNTER CO,2015-01-29,08:00:00,114869851,1492.0
171,68ST-HUNTER CO,2015-01-29,12:00:00,114877195,7344.0
172,68ST-HUNTER CO,2015-01-29,16:00:00,92533899,8915.0
173,68ST-HUNTER CO,2015-01-29,20:00:00,40521224,7448.0
174,68ST-HUNTER CO,2015-01-30,00:00:00,114910157,5369.0
175,68ST-HUNTER CO,2015-01-30,04:00:00,114910358,201.0
176,68ST-HUNTER CO,2015-01-30,08:00:00,114911699,1341.0
177,68ST-HUNTER CO,2015-01-30,12:00:00,114918457,6758.0
178,68ST-HUNTER CO,2015-01-30,16:00:00,92570185,9465.0
179,68ST-HUNTER CO,2015-01-30,20:00:00,74211975,11330.0
180,68ST-HUNTER CO,2015-01-31,00:00:00,114947648,3558.0
181,68ST-HUNTER CO,2015-01-31,04:00:00,114948029,381.0
182,68ST-HUNTER CO,2015-01-31,08:00:00,114948405,376.0
183,68ST-HUNTER CO,2015-01-31,12:00:00,114950592,2187.0
184,68ST-HUNTER CO,2015-01-31,16:00:00,114955578,4986.0
185,68ST-HUNTER CO,2015-01-31,20:00:00,114960385,4807.0
186,68ST-HUNTER CO,2015-02-01,00:00:00,114962536,2151.0
187,68ST-HUNTER CO,2015-02-01,04:00:00,114962870,334.0
188,68ST-HUNTER CO,2015-02-01,08:00:00,114963130,260.0
189,68ST-HUNTER CO,2015-02-01,12:00:00,114964920,1790.0
190,68ST-HUNTER CO,2015-02-01,16:00:00,114968158,3238.0
191,68ST-HUNTER CO,2015-02-01,20:00:00,114971377,3219.0
192,68ST-HUNTER CO,2015-02-02,00:00:00,114973140,1763.0
193,68ST-HUNTER CO,2015-02-02,04:00:00,114973326,186.0
194,68ST-HUNTER CO,2015-02-02,08:00:00,114974710,1384.0
195,68ST-HUNTER CO,2015-02-02,12:00:00,114981461,6751.0
196,68ST-HUNTER CO,2015-02-02,16:00:00,92623801,8174.0
197,68ST-HUNTER CO,2015-02-02,20:00:00,60740383,9125.0
198,68ST-HUNTER CO,2015-02-03,00:00:00,115010831,4402.0
199,68ST-HUNTER CO,2015-02-03,04:00:00,115011077,246.0
200,68ST-HUNTER CO,2015-02-03,08:00:00,115012711,1634.0
201,68ST-HUNTER CO,2015-02-03,12:00:00,115020085,7374.0
202,68ST-HUNTER CO,2015-02-03,16:00:00,92658608,9510.0
203,68ST-HUNTER CO,2015-02-03,20:00:00,53915425,7532.0
204,68ST-HUNTER CO,2015-02-04,00:00:00,115054146,5683.0
205,68ST-HUNTER CO,2015-02-04,04:00:00,115054419,273.0
206,68ST-HUNTER CO,2015-02-04,08:00:00,115055937,1518.0
207,68ST-HUNTER CO,2015-02-04,12:00:00,115062605,6668.0
208,68ST-HUNTER CO,2015-02-04,16:00:00,92695019,9009.0
209,68ST-HUNTER CO,2015-02-04,20:00:00,40936995,7198.0
210,68ST-HUNTER CO,2015-02-05,00:00:00,115094971,5324.0
211,68ST-HUNTER CO,2015-02-05,04:00:00,115095263,292.0
212,68ST-HUNTER CO,2015-02-05,08:00:00,115096748,1485.0
213,68ST-HUNTER CO,2015-02-05,12:00:00,115103542,6794.0
214,68ST-HUNTER CO,2015-02-05,16:00:00,92730762,9189.0
215,68ST-HUNTER CO,2015-02-05,20:00:00,53950593,7893.0
216,68ST-HUNTER CO,2015-02-06,00:00:00,115137635,5761.0
217,68ST-HUNTER CO,2015-02-06,04:00:00,115137892,257.0
218,68ST-HUNTER CO,2015-02-06,08:00:00,115139309,1417.0
219,68ST-HUNTER CO,2015-02-06,12:00:00,115146040,6731.0
220,68ST-HUNTER CO,2015-02-06,16:00:00,92768556,10083.0
221,68ST-HUNTER CO,2015-02-06,20:00:00,74384907,11091.0
222,68ST-HUNTER CO,2015-02-07,00:00:00,115175436,3460.0
223,68ST-HUNTER CO,2015-02-07,04:00:00,115175814,378.0
224,68ST-HUNTER CO,2015-02-07,08:00:00,115176201,387.0
225,68ST-HUNTER CO,2015-02-07,12:00:00,115178334,2133.0
226,68ST-HUNTER CO,2015-02-07,16:00:00,115183292,4958.0
227,68ST-HUNTER CO,2015-02-07,20:00:00,115187698,4406.0
228,68ST-HUNTER CO,2015-02-08,00:00:00,115189790,2092.0
229,68ST-HUNTER CO,2015-02-08,04:00:00,115190164,374.0
230,68ST-HUNTER CO,2015-02-08,08:00:00,115190432,268.0
231,68ST-HUNTER CO,2015-02-08,12:00:00,115191805,1373.0
232,68ST-HUNTER CO,2015-02-08,16:00:00,115195085,3280.0
233,68ST-HUNTER CO,2015-02-08,20:00:00,115198059,2974.0
234,68ST-HUNTER CO,2015-02-09,00:00:00,115199371,1312.0
235,68ST-HUNTER CO,2015-02-09,04:00:00,115199522,151.0
236,68ST-HUNTER CO,2015-02-09,08:00:00,115200934,1412.0
237,68ST-HUNTER CO,2015-02-09,12:00:00,115207438,6504.0
238,68ST-HUNTER CO,2015-02-09,16:00:00,92820574,8446.0
239,68ST-HUNTER CO,2015-02-09,20:00:00,54903962,7658.0
240,68ST-HUNTER CO,2015-02-10,00:00:00,115238932,5202.0
241,68ST-HUNTER CO,2015-02-10,04:00:00,115239262,330.0
242,68ST-HUNTER CO,2015-02-10,08:00:00,115240803,1541.0
243,68ST-HUNTER CO,2015-02-10,12:00:00,115247642,6839.0
244,68ST-HUNTER CO,2015-02-10,16:00:00,74448360,7784.0
245,68ST-HUNTER CO,2015-02-10,20:00:00,40670730,6230.0
246,68ST-HUNTER CO,2015-02-11,00:00:00,115280763,5657.0
247,68ST-HUNTER CO,2015-02-11,04:00:00,115280991,228.0
248,68ST-HUNTER CO,2015-02-11,08:00:00,115282512,1521.0
249,68ST-HUNTER CO,2015-02-11,12:00:00,115289168,6656.0
250,68ST-HUNTER CO,2015-02-11,16:00:00,96886354,8801.0
251,68ST-HUNTER CO,2015-02-11,20:00:00,40684965,6091.0
252,68ST-HUNTER CO,2015-02-12,00:00:00,115321063,5382.0
253,68ST-HUNTER CO,2015-02-12,04:00:00,115321321,258.0
254,68ST-HUNTER CO,2015-02-12,08:00:00,115322764,1443.0
255,68ST-HUNTER CO,2015-02-12,12:00:00,115328740,5976.0
256,68ST-HUNTER CO,2015-02-12,16:00:00,115337064,8324.0
257,68ST-HUNTER CO,2015-02-12,20:00:00,68531702,7774.0
258,68ST-HUNTER CO,2015-02-13,00:00:00,115352720,3210.0
259,68ST-HUNTER CO,2015-02-13,04:00:00,115353012,292.0
260,68ST-HUNTER CO,2015-02-13,08:00:00,115354321,1309.0
261,68ST-HUNTER CO,2015-02-13,12:00:00,115360889,6568.0
262,68ST-HUNTER CO,2015-02-13,16:00:00,86968449,8531.0
263,68ST-HUNTER CO,2015-02-13,20:00:00,68554344,8506.0
264,68ST-HUNTER CO,2015-02-14,00:00:00,115389128,3207.0
265,68ST-HUNTER CO,2015-02-14,04:00:00,115389485,357.0
266,68ST-HUNTER CO,2015-02-14,08:00:00,115389827,342.0
267,68ST-HUNTER CO,2015-02-14,12:00:00,115391763,1936.0
268,68ST-HUNTER CO,2015-02-14,16:00:00,115396245,4482.0
269,68ST-HUNTER CO,2015-02-14,20:00:00,115401179,4934.0
270,68ST-HUNTER CO,2015-02-15,00:00:00,115402970,1791.0
271,68ST-HUNTER CO,2015-02-15,04:00:00,115403295,325.0
272,68ST-HUNTER CO,2015-02-15,08:00:00,115403537,242.0
273,68ST-HUNTER CO,2015-02-15,12:00:00,115404844,1307.0
274,68ST-HUNTER CO,2015-02-15,16:00:00,115407615,2771.0
275,68ST-HUNTER CO,2015-02-15,20:00:00,115410542,2927.0
276,68ST-HUNTER CO,2015-02-16,00:00:00,115411816,1274.0
277,68ST-HUNTER CO,2015-02-16,04:00:00,115411974,158.0
278,68ST-HUNTER CO,2015-02-16,08:00:00,115412382,408.0
279,68ST-HUNTER CO,2015-02-16,12:00:00,115414944,2562.0
280,68ST-HUNTER CO,2015-02-16,16:00:00,115419182,4238.0
281,68ST-HUNTER CO,2015-02-16,20:00:00,115424873,5691.0
282,68ST-HUNTER CO,2015-02-17,00:00:00,115426567,1694.0
283,68ST-HUNTER CO,2015-02-17,04:00:00,115426781,214.0
284,68ST-HUNTER CO,2015-02-17,08:00:00,115427994,1213.0
285,68ST-HUNTER CO,2015-02-17,12:00:00,115434701,6707.0
286,68ST-HUNTER CO,2015-02-17,16:00:00,93018295,7795.0
287,68ST-HUNTER CO,2015-02-17,20:00:00,61003579,9051.0
288,68ST-HUNTER CO,2015-02-18,00:00:00,115464398,5070.0
289,68ST-HUNTER CO,2015-02-18,04:00:00,115464651,253.0
290,68ST-HUNTER CO,2015-02-18,08:00:00,115466039,1388.0
291,68ST-HUNTER CO,2015-02-18,12:00:00,115472650,6611.0
292,68ST-HUNTER CO,2015-02-18,16:00:00,93051262,8102.0
293,68ST-HUNTER CO,2015-02-18,20:00:00,55024665,8280.0
294,68ST-HUNTER CO,2015-02-19,00:00:00,115503453,5079.0
295,68ST-HUNTER CO,2015-02-19,04:00:00,115503720,267.0
296,68ST-HUNTER CO,2015-02-19,08:00:00,115505052,1332.0
297,68ST-HUNTER CO,2015-02-19,12:00:00,115511627,6575.0
298,68ST-HUNTER CO,2015-02-19,16:00:00,93084796,8017.0
299,68ST-HUNTER CO,2015-02-19,20:00:00,61049335,9994.0
300,68ST-HUNTER CO,2015-02-20,00:00:00,115543318,5330.0
301,68ST-HUNTER CO,2015-02-20,04:00:00,115543564,246.0
302,68ST-HUNTER CO,2015-02-20,08:00:00,115544803,1239.0
303,68ST-HUNTER CO,2015-02-20,12:00:00,115551049,6246.0
304,68ST-HUNTER CO,2015-02-20,16:00:00,93119848,8842.0
305,68ST-HUNTER CO,2015-02-20,20:00:00,103240240,11944.0
306,68ST-HUNTER CO,2015-02-21,00:00:00,115577781,3187.0
307,68ST-HUNTER CO,2015-02-21,04:00:00,115578153,372.0
308,68ST-HUNTER CO,2015-02-21,08:00:00,115578541,388.0
309,68ST-HUNTER CO,2015-02-21,12:00:00,115580582,2041.0
310,68ST-HUNTER CO,2015-02-21,16:00:00,115585668,5086.0
311,68ST-HUNTER CO,2015-02-21,20:00:00,115590169,4501.0
312,68ST-HUNTER CO,2015-02-22,00:00:00,115592169,2000.0
313,68ST-HUNTER CO,2015-02-22,04:00:00,115592575,406.0
314,68ST-HUNTER CO,2015-02-22,08:00:00,115592835,260.0
315,68ST-HUNTER CO,2015-02-22,12:00:00,115594272,1437.0
316,68ST-HUNTER CO,2015-02-22,16:00:00,115597507,3235.0
317,68ST-HUNTER CO,2015-02-22,20:00:00,115600761,3254.0
318,68ST-HUNTER CO,2015-02-23,00:00:00,115602192,1431.0
319,68ST-HUNTER CO,2015-02-23,04:00:00,115602395,203.0
320,68ST-HUNTER CO,2015-02-23,08:00:00,115603808,1413.0
321,68ST-HUNTER CO,2015-02-23,12:00:00,115610561,6753.0
322,68ST-HUNTER CO,2015-02-23,16:00:00,93171717,8606.0
323,68ST-HUNTER CO,2015-02-23,20:00:00,55093853,8585.0
324,68ST-HUNTER CO,2015-02-24,00:00:00,115642558,5395.0
325,68ST-HUNTER CO,2015-02-24,04:00:00,115642778,220.0
326,68ST-HUNTER CO,2015-02-24,08:00:00,115644289,1511.0
327,68ST-HUNTER CO,2015-02-24,12:00:00,115650826,6537.0
328,68ST-HUNTER CO,2015-02-24,16:00:00,91917773,7172.0
329,68ST-HUNTER CO,2015-02-24,20:00:00,63300549,7683.0
330,68ST-HUNTER CO,2015-02-25,00:00:00,115683361,5317.0
331,68ST-HUNTER CO,2015-02-25,04:00:00,115683612,251.0
332,68ST-HUNTER CO,2015-02-25,08:00:00,115685099,1487.0
333,68ST-HUNTER CO,2015-02-25,12:00:00,115691717,6618.0
334,68ST-HUNTER CO,2015-02-25,16:00:00,93241045,8703.0
335,68ST-HUNTER CO,2015-02-25,20:00:00,55135339,8351.0
336,68ST-HUNTER CO,2015-02-26,00:00:00,115723184,5144.0
337,68ST-HUNTER CO,2015-02-26,04:00:00,115723505,321.0
338,68ST-HUNTER CO,2015-02-26,08:00:00,115724960,1455.0
339,68ST-HUNTER CO,2015-02-26,12:00:00,115731802,6842.0
340,68ST-HUNTER CO,2015-02-26,16:00:00,93275945,8894.0
341,68ST-HUNTER CO,2015-02-26,20:00:00,61179765,9987.0
342,68ST-HUNTER CO,2015-02-27,00:00:00,115764810,5451.0
343,68ST-HUNTER CO,2015-02-27,04:00:00,115765107,297.0
344,68ST-HUNTER CO,2015-02-27,08:00:00,115766494,1387.0
345,68ST-HUNTER CO,2015-02-27,12:00:00,115773025,6531.0
346,68ST-HUNTER CO,2015-02-27,16:00:00,93312290,9885.0
347,68ST-HUNTER CO,2015-02-27,20:00:00,93324498,12208.0
348,68ST-HUNTER CO,2015-02-28,00:00:00,115801865,3289.0
349,68ST-HUNTER CO,2015-02-28,04:00:00,115802265,400.0
350,68ST-HUNTER CO,2015-02-28,08:00:00,115802656,391.0
351,68ST-HUNTER CO,2015-02-28,12:00:00,115804809,2153.0
352,68ST-HUNTER CO,2015-02-28,16:00:00,115809608,4799.0
353,68ST-HUNTER CO,2015-02-28,20:00:00,115814165,4557.0
354,77 ST,2015-01-01,00:00:00,1159738692,0.0
355,77 ST,2015-01-01,04:00:00,1390148613,1693.0
356,77 ST,2015-01-01,08:00:00,1390149044,431.0
357,77 ST,2015-01-01,12:00:00,1390150448,1404.0
358,77 ST,2015-01-01,16:00:00,1390154507,4059.0
359,77 ST,2015-01-01,20:00:00,1390158230,3723.0
360,77 ST,2015-01-02,00:00:00,1390160455,2225.0
361,77 ST,2015-01-02,04:00:00,1390160796,341.0
362,77 ST,2015-01-02,08:00:00,1390161905,1109.0
363,77 ST,2015-01-02,12:00:00,1390167172,5267.0
364,77 ST,2015-01-02,16:00:00,1390175176,8004.0
365,77 ST,2015-01-02,20:00:00,1390185413,10237.0
366,77 ST,2015-01-03,00:00:00,1390189455,4042.0
367,77 ST,2015-01-03,04:00:00,1390190038,583.0
368,77 ST,2015-01-03,08:00:00,1390190401,363.0
369,77 ST,2015-01-03,12:00:00,1390192873,2472.0
370,77 ST,2015-01-03,16:00:00,1390198139,5266.0
371,77 ST,2015-01-03,20:00:00,1390204663,6524.0
372,77 ST,2015-01-04,00:00:00,1390208059,3396.0
373,77 ST,2015-01-04,04:00:00,1390208618,559.0
374,77 ST,2015-01-04,08:00:00,1390208973,355.0
375,77 ST,2015-01-04,12:00:00,1390210805,1832.0
376,77 ST,2015-01-04,16:00:00,1390215076,4271.0
377,77 ST,2015-01-04,20:00:00,1390219723,4647.0
378,77 ST,2015-01-05,00:00:00,18977174,614.0
379,77 ST,2015-01-05,04:00:00,1390222295,1958.0
380,77 ST,2015-01-05,08:00:00,1390225091,2796.0
381,77 ST,2015-01-05,12:00:00,1383925423,8088.0
382,77 ST,2015-01-05,16:00:00,1390242581,8031.0
383,77 ST,2015-01-05,20:00:00,1378003947,10439.0
384,77 ST,2015-01-06,00:00:00,1390257832,3415.0
385,77 ST,2015-01-06,04:00:00,1390258170,338.0
386,77 ST,2015-01-06,08:00:00,1390261029,2859.0
387,77 ST,2015-01-06,12:00:00,1235485266,6332.0
388,77 ST,2015-01-06,16:00:00,1390280323,8634.0
389,77 ST,2015-01-06,20:00:00,1371721128,9452.0
390,77 ST,2015-01-07,00:00:00,1390296096,3502.0
391,77 ST,2015-01-07,04:00:00,1390296404,308.0
392,77 ST,2015-01-07,08:00:00,1390299142,2738.0
393,77 ST,2015-01-07,12:00:00,1371733464,7416.0
394,77 ST,2015-01-07,16:00:00,1390317836,8405.0
395,77 ST,2015-01-07,20:00:00,1371749325,9349.0
396,77 ST,2015-01-08,00:00:00,1390333617,3622.0
397,77 ST,2015-01-08,04:00:00,1390333930,313.0
398,77 ST,2015-01-08,08:00:00,1390336585,2655.0
399,77 ST,2015-01-08,12:00:00,1378084630,8823.0
400,77 ST,2015-01-08,16:00:00,1390354950,8129.0
401,77 ST,2015-01-08,20:00:00,1378102334,10514.0
402,77 ST,2015-01-09,00:00:00,1390370629,3783.0
403,77 ST,2015-01-09,04:00:00,1390371041,412.0
404,77 ST,2015-01-09,08:00:00,1390373610,2569.0
405,77 ST,2015-01-09,12:00:00,1235557362,6397.0
406,77 ST,2015-01-09,16:00:00,1390393120,8773.0
407,77 ST,2015-01-09,20:00:00,1378135512,10189.0
408,77 ST,2015-01-10,00:00:00,1390408639,3925.0
409,77 ST,2015-01-10,04:00:00,1390409288,649.0
410,77 ST,2015-01-10,08:00:00,1390409739,451.0
411,77 ST,2015-01-10,12:00:00,1390412417,2678.0
412,77 ST,2015-01-10,16:00:00,1390417991,5574.0
413,77 ST,2015-01-10,20:00:00,1390424186,6195.0
414,77 ST,2015-01-11,00:00:00,1390427571,3385.0
415,77 ST,2015-01-11,04:00:00,1390428192,621.0
416,77 ST,2015-01-11,08:00:00,1390428543,351.0
417,77 ST,2015-01-11,12:00:00,1390430518,1975.0
418,77 ST,2015-01-11,16:00:00,1390434679,4161.0
419,77 ST,2015-01-11,20:00:00,1390438839,4160.0
420,77 ST,2015-01-12,00:00:00,1390441010,2171.0
421,77 ST,2015-01-12,04:00:00,1390441326,316.0
422,77 ST,2015-01-12,08:00:00,1390444076,2750.0
423,77 ST,2015-01-12,12:00:00,1384118045,8463.0
424,77 ST,2015-01-12,16:00:00,1390462060,8043.0
425,77 ST,2015-01-12,20:00:00,1384135267,10144.0
426,77 ST,2015-01-13,00:00:00,1390477220,3496.0
427,77 ST,2015-01-13,04:00:00,1390477574,354.0
428,77 ST,2015-01-13,08:00:00,1390480492,2918.0
429,77 ST,2015-01-13,12:00:00,1371869337,7385.0
430,77 ST,2015-01-13,16:00:00,1390499026,8221.0
431,77 ST,2015-01-13,20:00:00,1371885124,9501.0
432,77 ST,2015-01-14,00:00:00,1390515023,3727.0
433,77 ST,2015-01-14,04:00:00,1390515363,340.0
434,77 ST,2015-01-14,08:00:00,1390518229,2866.0
435,77 ST,2015-01-14,12:00:00,1371897518,7280.0
436,77 ST,2015-01-14,16:00:00,1390536687,8358.0
437,77 ST,2015-01-14,20:00:00,1371913120,9255.0
438,77 ST,2015-01-15,00:00:00,1390552528,3616.0
439,77 ST,2015-01-15,04:00:00,1390552869,341.0
440,77 ST,2015-01-15,08:00:00,1390555621,2752.0
441,77 ST,2015-01-15,12:00:00,1371925426,7212.0
442,77 ST,2015-01-15,16:00:00,1390574158,8401.0
443,77 ST,2015-01-15,20:00:00,1218329482,6922.0
444,77 ST,2015-01-16,00:00:00,1390590657,3978.0
445,77 ST,2015-01-16,04:00:00,1390591075,418.0
446,77 ST,2015-01-16,08:00:00,1390593570,2495.0
447,77 ST,2015-01-16,12:00:00,1384248462,8258.0
448,77 ST,2015-01-16,16:00:00,1390612093,8904.0
449,77 ST,2015-01-16,20:00:00,1378326242,10247.0
450,77 ST,2015-01-17,00:00:00,1390627811,4061.0
451,77 ST,2015-01-17,04:00:00,1390628415,604.0
452,77 ST,2015-01-17,08:00:00,1390628881,466.0
453,77 ST,2015-01-17,12:00:00,1390631409,2528.0
454,77 ST,2015-01-17,16:00:00,1390636801,5392.0
455,77 ST,2015-01-17,20:00:00,1390643108,6307.0
456,77 ST,2015-01-18,00:00:00,1390646356,3248.0
457,77 ST,2015-01-18,04:00:00,1390646975,619.0
458,77 ST,2015-01-18,08:00:00,1390647310,335.0
459,77 ST,2015-01-18,12:00:00,1390649092,1782.0
460,77 ST,2015-01-18,16:00:00,1390652804,3712.0
461,77 ST,2015-01-18,20:00:00,1390656778,3974.0
462,77 ST,2015-01-19,00:00:00,1390659000,2222.0
463,77 ST,2015-01-19,04:00:00,1390659351,351.0
464,77 ST,2015-01-19,08:00:00,1390660293,942.0
465,77 ST,2015-01-19,12:00:00,1390665189,4896.0
466,77 ST,2015-01-19,16:00:00,1390672221,7032.0
467,77 ST,2015-01-19,20:00:00,1390680104,7883.0
468,77 ST,2015-01-20,00:00:00,1390683249,3145.0
469,77 ST,2015-01-20,04:00:00,1390683615,366.0
470,77 ST,2015-01-20,08:00:00,1390686523,2908.0
471,77 ST,2015-01-20,12:00:00,1378388801,8479.0
472,77 ST,2015-01-20,16:00:00,1390704619,8224.0
473,77 ST,2015-01-20,20:00:00,1378406526,10478.0
474,77 ST,2015-01-21,00:00:00,1390720035,3577.0
475,77 ST,2015-01-21,04:00:00,1380623658,318.0
476,77 ST,2015-01-21,08:00:00,1390723314,2961.0
477,77 ST,2015-01-21,12:00:00,1235777839,6057.0
478,77 ST,2015-01-21,16:00:00,1390742212,8554.0
479,77 ST,2015-01-21,20:00:00,1372066787,9299.0
480,77 ST,2015-01-22,00:00:00,1390758166,3752.0
481,77 ST,2015-01-22,04:00:00,1390758546,380.0
482,77 ST,2015-01-22,08:00:00,1390761314,2768.0
483,77 ST,2015-01-22,12:00:00,1372079018,7098.0
484,77 ST,2015-01-22,16:00:00,1390779728,8380.0
485,77 ST,2015-01-22,20:00:00,1372094535,9214.0
486,77 ST,2015-01-23,00:00:00,1390795798,3933.0
487,77 ST,2015-01-23,04:00:00,1390796220,422.0
488,77 ST,2015-01-23,08:00:00,1390798735,2515.0
489,77 ST,2015-01-23,12:00:00,1372106731,7087.0
490,77 ST,2015-01-23,16:00:00,1390817425,8705.0
491,77 ST,2015-01-23,20:00:00,1378504462,10145.0
492,77 ST,2015-01-24,00:00:00,1390833229,4267.0
493,77 ST,2015-01-24,04:00:00,1390833883,654.0
494,77 ST,2015-01-24,08:00:00,1390834333,450.0
495,77 ST,2015-01-24,12:00:00,1390836863,2530.0
496,77 ST,2015-01-24,16:00:00,1390841983,5120.0
497,77 ST,2015-01-24,20:00:00,1390847965,5982.0
498,77 ST,2015-01-25,00:00:00,1390851315,3350.0
499,77 ST,2015-01-25,04:00:00,1390851965,650.0
500,77 ST,2015-01-25,08:00:00,1390852338,373.0
501,77 ST,2015-01-25,12:00:00,1390854567,2229.0
502,77 ST,2015-01-25,16:00:00,1390859203,4636.0
503,77 ST,2015-01-25,20:00:00,1390863567,4364.0
504,77 ST,2015-01-26,00:00:00,1390865834,2267.0
505,77 ST,2015-01-26,04:00:00,1390866123,289.0
506,77 ST,2015-01-26,08:00:00,1390868972,2849.0
507,77 ST,2015-01-26,12:00:00,1367102738,7246.0
508,77 ST,2015-01-26,16:00:00,1390889754,10654.0
509,77 ST,2015-01-26,20:00:00,1390896834,7080.0
510,77 ST,2015-01-27,00:00:00,1390898225,1391.0
511,77 ST,2015-01-27,04:00:00,1390898230,5.0
512,77 ST,2015-01-27,08:00:00,1390898235,5.0
513,77 ST,2015-01-27,12:00:00,1390900487,2252.0
514,77 ST,2015-01-27,16:00:00,1390903085,2598.0
515,77 ST,2015-01-27,20:00:00,1390906806,3721.0
516,77 ST,2015-01-28,00:00:00,1390909165,2359.0
517,77 ST,2015-01-28,04:00:00,1390909475,310.0
518,77 ST,2015-01-28,08:00:00,1390912414,2939.0
519,77 ST,2015-01-28,12:00:00,1384528976,9031.0
520,77 ST,2015-01-28,16:00:00,1390930973,8034.0
521,77 ST,2015-01-28,20:00:00,1372207936,9382.0
522,77 ST,2015-01-29,00:00:00,1390947214,3931.0
523,77 ST,2015-01-29,04:00:00,1390947384,170.0
524,77 ST,2015-01-29,08:00:00,1390949825,2441.0
525,77 ST,2015-01-29,12:00:00,1390959512,9687.0
526,77 ST,2015-01-29,16:00:00,1390968032,8520.0
527,77 ST,2015-01-29,20:00:00,1354837330,8283.0
528,77 ST,2015-01-30,00:00:00,1390984557,4051.0
529,77 ST,2015-01-30,04:00:00,1390984778,221.0
530,77 ST,2015-01-30,08:00:00,1390987284,2506.0
531,77 ST,2015-01-30,12:00:00,1372248757,7360.0
532,77 ST,2015-01-30,16:00:00,1391006196,8621.0
533,77 ST,2015-01-30,20:00:00,1235959030,7731.0
534,77 ST,2015-01-31,00:00:00,1391022737,4564.0
535,77 ST,2015-01-31,04:00:00,1391023403,666.0
536,77 ST,2015-01-31,08:00:00,1391023887,484.0
537,77 ST,2015-01-31,12:00:00,1391026766,2879.0
538,77 ST,2015-01-31,16:00:00,1391032289,5523.0
539,77 ST,2015-01-31,20:00:00,1391038738,6449.0
540,77 ST,2015-02-01,00:00:00,1391042334,3596.0
541,77 ST,2015-02-01,04:00:00,1391042978,644.0
542,77 ST,2015-02-01,08:00:00,1391043330,352.0
543,77 ST,2015-02-01,12:00:00,1391045513,2183.0
544,77 ST,2015-02-01,16:00:00,1391049650,4137.0
545,77 ST,2015-02-01,20:00:00,1391054146,4496.0
546,77 ST,2015-02-02,00:00:00,1391057247,3101.0
547,77 ST,2015-02-02,04:00:00,1391057588,341.0
548,77 ST,2015-02-02,08:00:00,1391060301,2713.0
549,77 ST,2015-02-02,12:00:00,1367250231,7054.0
550,77 ST,2015-02-02,16:00:00,1391077750,7559.0
551,77 ST,2015-02-02,20:00:00,1391088094,10344.0
552,77 ST,2015-02-03,00:00:00,1391091238,3144.0
553,77 ST,2015-02-03,04:00:00,1391091579,341.0
554,77 ST,2015-02-03,08:00:00,1391094608,3029.0
555,77 ST,2015-02-03,12:00:00,1354214306,6425.0
556,77 ST,2015-02-03,16:00:00,1378050141,7353.0
557,77 ST,2015-02-03,20:00:00,1384706239,10674.0
558,77 ST,2015-02-04,00:00:00,1391128933,3849.0
559,77 ST,2015-02-04,04:00:00,1391129278,345.0
560,77 ST,2015-02-04,08:00:00,1391132284,3006.0
561,77 ST,2015-02-04,12:00:00,1367305074,7718.0
562,77 ST,2015-02-04,16:00:00,1391151599,8669.0
563,77 ST,2015-02-04,20:00:00,1372375123,9778.0
564,77 ST,2015-02-05,00:00:00,1391168150,3867.0
565,77 ST,2015-02-05,04:00:00,1391168545,395.0
566,77 ST,2015-02-05,08:00:00,1391171395,2850.0
567,77 ST,2015-02-05,12:00:00,1372387900,7494.0
568,77 ST,2015-02-05,16:00:00,1391190294,8571.0
569,77 ST,2015-02-05,20:00:00,67849692,6570.0
570,77 ST,2015-02-06,00:00:00,1391206704,3886.0
571,77 ST,2015-02-06,04:00:00,1391207145,441.0
572,77 ST,2015-02-06,08:00:00,1391209809,2664.0
573,77 ST,2015-02-06,12:00:00,1221279892,4177.0
574,77 ST,2015-02-06,16:00:00,1390352672,8819.0
575,77 ST,2015-02-06,20:00:00,1236100391,7490.0
576,77 ST,2015-02-07,00:00:00,1391244776,4035.0
577,77 ST,2015-02-07,04:00:00,1391245494,718.0
578,77 ST,2015-02-07,08:00:00,1391245993,499.0
579,77 ST,2015-02-07,12:00:00,1391248810,2817.0
580,77 ST,2015-02-07,16:00:00,1391254265,5455.0
581,77 ST,2015-02-07,20:00:00,1391260427,6162.0
582,77 ST,2015-02-08,00:00:00,1391263862,3435.0
583,77 ST,2015-02-08,04:00:00,1391264575,713.0
584,77 ST,2015-02-08,08:00:00,1391264959,384.0
585,77 ST,2015-02-08,12:00:00,1391266999,2040.0
586,77 ST,2015-02-08,16:00:00,1391271344,4345.0
587,77 ST,2015-02-08,20:00:00,1391275538,4194.0
588,77 ST,2015-02-09,00:00:00,1391277669,2131.0
589,77 ST,2015-02-09,04:00:00,1391277967,298.0
590,77 ST,2015-02-09,08:00:00,1391280738,2771.0
591,77 ST,2015-02-09,12:00:00,1384851055,8411.0
592,77 ST,2015-02-09,16:00:00,1391298379,7808.0
593,77 ST,2015-02-09,20:00:00,1378925003,10013.0
594,77 ST,2015-02-10,00:00:00,1391313293,3503.0
595,77 ST,2015-02-10,04:00:00,1391313657,364.0
596,77 ST,2015-02-10,08:00:00,1391316678,3021.0
597,77 ST,2015-02-10,12:00:00,1378939749,8787.0
598,77 ST,2015-02-10,16:00:00,1391334931,8025.0
599,77 ST,2015-02-10,20:00:00,1372511331,9422.0
600,77 ST,2015-02-11,00:00:00,1391351013,3813.0
601,77 ST,2015-02-11,04:00:00,1391351387,374.0
602,77 ST,2015-02-11,08:00:00,1391354384,2997.0
603,77 ST,2015-02-11,12:00:00,1391364671,10287.0
604,77 ST,2015-02-11,16:00:00,1391373099,8428.0
605,77 ST,2015-02-11,20:00:00,1372540136,9302.0
606,77 ST,2015-02-12,00:00:00,1391389176,3855.0
607,77 ST,2015-02-12,04:00:00,1391389597,421.0
608,77 ST,2015-02-12,08:00:00,1391392376,2779.0
609,77 ST,2015-02-12,12:00:00,1372552497,7127.0
610,77 ST,2015-02-12,16:00:00,1391411114,8672.0
611,77 ST,2015-02-12,20:00:00,1372568063,9053.0
612,77 ST,2015-02-13,00:00:00,1391427006,3999.0
613,77 ST,2015-02-13,04:00:00,1391427431,425.0
614,77 ST,2015-02-13,08:00:00,1391429985,2554.0
615,77 ST,2015-02-13,12:00:00,1391439571,9586.0
616,77 ST,2015-02-13,16:00:00,1391448233,8662.0
617,77 ST,2015-02-13,20:00:00,1391459165,10932.0
618,77 ST,2015-02-14,00:00:00,1391463190,4025.0
619,77 ST,2015-02-14,04:00:00,1391463876,686.0
620,77 ST,2015-02-14,08:00:00,1391464304,428.0
621,77 ST,2015-02-14,12:00:00,1391466987,2683.0
622,77 ST,2015-02-14,16:00:00,1391472027,5040.0
623,77 ST,2015-02-14,20:00:00,1391478706,6679.0
624,77 ST,2015-02-15,00:00:00,1391481995,3289.0
625,77 ST,2015-02-15,04:00:00,1391482697,702.0
626,77 ST,2015-02-15,08:00:00,1391483065,368.0
627,77 ST,2015-02-15,12:00:00,1391484954,1889.0
628,77 ST,2015-02-15,16:00:00,1391489161,4207.0
629,77 ST,2015-02-15,20:00:00,1391493785,4624.0
630,77 ST,2015-02-16,00:00:00,1391495851,2066.0
631,77 ST,2015-02-16,04:00:00,1391496187,336.0
632,77 ST,2015-02-16,08:00:00,1391496965,778.0
633,77 ST,2015-02-16,12:00:00,1391500887,3922.0
634,77 ST,2015-02-16,16:00:00,1391506723,5836.0
635,77 ST,2015-02-16,20:00:00,1391513748,7025.0
636,77 ST,2015-02-17,00:00:00,1391516679,2931.0
637,77 ST,2015-02-17,04:00:00,1391517024,345.0
638,77 ST,2015-02-17,08:00:00,1391519668,2644.0
639,77 ST,2015-02-17,12:00:00,1385061437,8031.0
640,77 ST,2015-02-17,16:00:00,1391536334,7115.0
641,77 ST,2015-02-17,20:00:00,1391547192,10858.0
642,77 ST,2015-02-18,00:00:00,1391550639,3447.0
643,77 ST,2015-02-18,04:00:00,1391551010,371.0
644,77 ST,2015-02-18,08:00:00,1391553667,2657.0
645,77 ST,2015-02-18,12:00:00,1379145156,8341.0
646,77 ST,2015-02-18,16:00:00,1391571401,7986.0
647,77 ST,2015-02-18,20:00:00,201805169,7531.0
648,77 ST,2015-02-19,00:00:00,1391587366,3907.0
649,77 ST,2015-02-19,04:00:00,1391587733,367.0
650,77 ST,2015-02-19,08:00:00,1391590323,2590.0
651,77 ST,2015-02-19,12:00:00,1379176741,8309.0
652,77 ST,2015-02-19,16:00:00,1391608128,8048.0
653,77 ST,2015-02-19,20:00:00,1379194146,10372.0
654,77 ST,2015-02-20,00:00:00,1391623650,3721.0
655,77 ST,2015-02-20,04:00:00,1391624035,385.0
656,77 ST,2015-02-20,08:00:00,1391626302,2267.0
657,77 ST,2015-02-20,12:00:00,1361737080,6231.0
658,77 ST,2015-02-20,16:00:00,1391643181,7655.0
659,77 ST,2015-02-20,20:00:00,1379223447,9381.0
660,77 ST,2015-02-21,00:00:00,1391658007,4023.0
661,77 ST,2015-02-21,04:00:00,1391658650,643.0
662,77 ST,2015-02-21,08:00:00,1391659119,469.0
663,77 ST,2015-02-21,12:00:00,1391661867,2748.0
664,77 ST,2015-02-21,16:00:00,1391667206,5339.0
665,77 ST,2015-02-21,20:00:00,1391673321,6115.0
666,77 ST,2015-02-22,00:00:00,1391676869,3548.0
667,77 ST,2015-02-22,04:00:00,1391677504,635.0
668,77 ST,2015-02-22,08:00:00,1391677893,389.0
669,77 ST,2015-02-22,12:00:00,1391680088,2195.0
670,77 ST,2015-02-22,16:00:00,1391684351,4263.0
671,77 ST,2015-02-22,20:00:00,1391688629,4278.0
672,77 ST,2015-02-23,00:00:00,1391690909,2280.0
673,77 ST,2015-02-23,04:00:00,1391691285,376.0
674,77 ST,2015-02-23,08:00:00,1391694146,2861.0
675,77 ST,2015-02-23,12:00:00,1391703946,9800.0
676,77 ST,2015-02-23,16:00:00,1391711873,7927.0
677,77 ST,2015-02-23,20:00:00,1391723579,11706.0
678,77 ST,2015-02-24,00:00:00,1391726993,3414.0
679,77 ST,2015-02-24,04:00:00,1391727324,331.0
680,77 ST,2015-02-24,08:00:00,1391730140,2816.0
681,77 ST,2015-02-24,12:00:00,1391740094,9954.0
682,77 ST,2015-02-24,16:00:00,1391748357,8263.0
683,77 ST,2015-02-24,20:00:00,1391760171,11814.0
684,77 ST,2015-02-25,00:00:00,1391763735,3564.0
685,77 ST,2015-02-25,04:00:00,1391764118,383.0
686,77 ST,2015-02-25,08:00:00,1391767047,2929.0
687,77 ST,2015-02-25,12:00:00,1379330766,8357.0
688,77 ST,2015-02-25,16:00:00,1391785334,8413.0
689,77 ST,2015-02-25,20:00:00,1372851732,9207.0
690,77 ST,2015-02-26,00:00:00,1391801334,3848.0
691,77 ST,2015-02-26,04:00:00,1391801739,405.0
692,77 ST,2015-02-26,08:00:00,1391804508,2769.0
693,77 ST,2015-02-26,12:00:00,1391813856,9348.0
694,77 ST,2015-02-26,16:00:00,1391822501,8645.0
695,77 ST,2015-02-26,20:00:00,212958573,7601.0
696,77 ST,2015-02-27,00:00:00,1391838899,4110.0
697,77 ST,2015-02-27,04:00:00,1391839352,453.0
698,77 ST,2015-02-27,08:00:00,1391841993,2641.0
699,77 ST,2015-02-27,12:00:00,1391851370,9377.0
700,77 ST,2015-02-27,16:00:00,1391860415,9045.0
701,77 ST,2015-02-27,20:00:00,1379413623,10372.0
702,77 ST,2015-02-28,00:00:00,1391876475,4324.0
703,77 ST,2015-02-28,04:00:00,1391877222,747.0
704,77 ST,2015-02-28,08:00:00,1391877741,519.0
705,77 ST,2015-02-28,12:00:00,1391880782,3041.0
706,77 ST,2015-02-28,16:00:00,1391886412,5630.0
707,77 ST,2015-02-28,20:00:00,1391893273,6861.0
708,86 ST,2015-01-01,03:00:00,3659154,0.0
709,86 ST,2015-01-01,07:00:00,1109555105,688.0
710,86 ST,2015-01-01,11:00:00,1109707530,1855.0
711,86 ST,2015-01-01,15:00:00,1109714153,6623.0
712,86 ST,2015-01-01,19:00:00,1109722857,8704.0
713,86 ST,2015-01-01,23:00:00,1109727478,4621.0
714,86 ST,2015-01-02,03:00:00,1109728969,1491.0
715,86 ST,2015-01-02,07:00:00,1109729696,727.0
716,86 ST,2015-01-02,11:00:00,1109739260,9564.0
717,86 ST,2015-01-02,15:00:00,1109752072,12812.0
718,86 ST,2015-01-02,19:00:00,1003994610,9980.0
719,86 ST,2015-01-02,23:00:00,1109783180,10676.0
720,86 ST,2015-01-03,03:00:00,1109785655,2475.0
721,86 ST,2015-01-03,07:00:00,1109786089,434.0
722,86 ST,2015-01-03,11:00:00,1109789999,3910.0
723,86 ST,2015-01-03,15:00:00,1109800354,10355.0
724,86 ST,2015-01-03,19:00:00,1086224629,12912.0
725,86 ST,2015-01-03,23:00:00,1109824211,9493.0
726,86 ST,2015-01-04,03:00:00,1109826395,2184.0
727,86 ST,2015-01-04,07:00:00,1109826780,385.0
728,86 ST,2015-01-04,11:00:00,1109829438,2658.0
729,86 ST,2015-01-04,15:00:00,1109837897,8459.0
730,86 ST,2015-01-04,19:00:00,1109848801,10904.0
731,86 ST,2015-01-04,23:00:00,1109853909,5108.0
732,86 ST,2015-01-05,03:00:00,1109855089,1180.0
733,86 ST,2015-01-05,07:00:00,1109856688,1599.0
734,86 ST,2015-01-05,11:00:00,968205377,5957.0
735,86 ST,2015-01-05,15:00:00,1109886684,9467.0
736,86 ST,2015-01-05,19:00:00,1006150078,11376.0
737,86 ST,2015-01-05,23:00:00,1109916587,8587.0
738,86 ST,2015-01-06,03:00:00,1109918048,1461.0
739,86 ST,2015-01-06,07:00:00,1109919687,1639.0
740,86 ST,2015-01-06,11:00:00,958838810,5637.0
741,86 ST,2015-01-06,15:00:00,1109801781,10412.0
742,86 ST,2015-01-06,19:00:00,981565892,10249.0
743,86 ST,2015-01-06,23:00:00,1109982669,8836.0
744,86 ST,2015-01-07,03:00:00,1109984205,1536.0
745,86 ST,2015-01-07,07:00:00,1109985786,1581.0
746,86 ST,2015-01-07,11:00:00,958860386,5485.0
747,86 ST,2015-01-07,15:00:00,1110017788,9606.0
748,86 ST,2015-01-07,19:00:00,1006217257,11616.0
749,86 ST,2015-01-07,23:00:00,1110047421,8534.0
750,86 ST,2015-01-08,03:00:00,1110048843,1422.0
751,86 ST,2015-01-08,07:00:00,1110050296,1453.0
752,86 ST,2015-01-08,11:00:00,958745660,4178.0
753,86 ST,2015-01-08,15:00:00,1110081836,9515.0
754,86 ST,2015-01-08,19:00:00,1017037401,13115.0
755,86 ST,2015-01-08,23:00:00,1110111782,8862.0
756,86 ST,2015-01-09,03:00:00,1110113413,1631.0
757,86 ST,2015-01-09,07:00:00,1110114826,1413.0
758,86 ST,2015-01-09,11:00:00,958902613,5346.0
759,86 ST,2015-01-09,15:00:00,1110147893,10704.0
760,86 ST,2015-01-09,19:00:00,995810596,11555.0
761,86 ST,2015-01-09,23:00:00,1110179609,10609.0
762,86 ST,2015-01-10,03:00:00,1110182171,2562.0
763,86 ST,2015-01-10,07:00:00,1110182619,448.0
764,86 ST,2015-01-10,11:00:00,1110186948,4329.0
765,86 ST,2015-01-10,15:00:00,1110197250,10302.0
766,86 ST,2015-01-10,19:00:00,1110211384,14134.0
767,86 ST,2015-01-10,23:00:00,1110220729,9345.0
768,86 ST,2015-01-11,03:00:00,1110223262,2533.0
769,86 ST,2015-01-11,07:00:00,1110223625,363.0
770,86 ST,2015-01-11,11:00:00,1110226725,3100.0
771,86 ST,2015-01-11,15:00:00,1110084744,8734.0
772,86 ST,2015-01-11,19:00:00,1110094784,10040.0
773,86 ST,2015-01-11,23:00:00,1110099880,5096.0
774,86 ST,2015-01-12,03:00:00,1110101131,1251.0
775,86 ST,2015-01-12,07:00:00,1110253379,1533.0
776,86 ST,2015-01-12,11:00:00,961806382,6203.0
777,86 ST,2015-01-12,15:00:00,1110284299,8910.0
778,86 ST,2015-01-12,19:00:00,1006353570,10679.0
779,86 ST,2015-01-12,23:00:00,1110313168,8775.0
780,86 ST,2015-01-13,03:00:00,1110314762,1594.0
781,86 ST,2015-01-13,07:00:00,1110316300,1538.0
782,86 ST,2015-01-13,11:00:00,958969212,5307.0
783,86 ST,2015-01-13,15:00:00,1110196459,9642.0
784,86 ST,2015-01-13,19:00:00,1006386039,11460.0
785,86 ST,2015-01-13,23:00:00,1110378450,9064.0
786,86 ST,2015-01-14,03:00:00,1110379915,1465.0
787,86 ST,2015-01-14,07:00:00,1110381456,1541.0
788,86 ST,2015-01-14,11:00:00,958838550,5564.0
789,86 ST,2015-01-14,15:00:00,1110262639,10092.0
790,86 ST,2015-01-14,19:00:00,1006418877,11120.0
791,86 ST,2015-01-14,23:00:00,1110444489,9138.0
792,86 ST,2015-01-15,03:00:00,1110446048,1559.0
793,86 ST,2015-01-15,07:00:00,1110447653,1605.0
794,86 ST,2015-01-15,11:00:00,959011463,5425.0
795,86 ST,2015-01-15,15:00:00,1110479839,10010.0
796,86 ST,2015-01-15,19:00:00,990272349,11539.0
797,86 ST,2015-01-15,23:00:00,1110510206,9331.0
798,86 ST,2015-01-16,03:00:00,1110511987,1781.0
799,86 ST,2015-01-16,07:00:00,1110513419,1432.0
800,86 ST,2015-01-16,11:00:00,959032459,5153.0
801,86 ST,2015-01-16,15:00:00,1110544903,10653.0
802,86 ST,2015-01-16,19:00:00,1006485747,11682.0
803,86 ST,2015-01-16,23:00:00,1110576081,9865.0
804,86 ST,2015-01-17,03:00:00,1110426630,2457.0
805,86 ST,2015-01-17,07:00:00,1110578989,451.0
806,86 ST,2015-01-17,11:00:00,1110431451,4388.0
807,86 ST,2015-01-17,15:00:00,1110441828,10377.0
808,86 ST,2015-01-17,19:00:00,1110607773,13941.0
809,86 ST,2015-01-17,23:00:00,1110616988,9215.0
810,86 ST,2015-01-18,03:00:00,1110619393,2405.0
811,86 ST,2015-01-18,07:00:00,1110619777,384.0
812,86 ST,2015-01-18,11:00:00,1110622370,2593.0
813,86 ST,2015-01-18,15:00:00,1110629779,7409.0
814,86 ST,2015-01-18,19:00:00,1110639538,9759.0
815,86 ST,2015-01-18,23:00:00,1110644529,4991.0
816,86 ST,2015-01-19,03:00:00,1110493918,1393.0
817,86 ST,2015-01-19,07:00:00,1110646587,665.0
818,86 ST,2015-01-19,11:00:00,1110655052,8465.0
819,86 ST,2015-01-19,15:00:00,1110666187,11135.0
820,86 ST,2015-01-19,19:00:00,1083271553,13804.0
821,86 ST,2015-01-19,23:00:00,1110689486,6686.0
822,86 ST,2015-01-20,03:00:00,1110690958,1472.0
823,86 ST,2015-01-20,07:00:00,1110540605,1654.0
824,86 ST,2015-01-20,11:00:00,959093018,4958.0
825,86 ST,2015-01-20,15:00:00,1110724420,9492.0
826,86 ST,2015-01-20,19:00:00,1006576763,10888.0
827,86 ST,2015-01-20,23:00:00,1110754297,9323.0
828,86 ST,2015-01-21,03:00:00,1110755728,1431.0
829,86 ST,2015-01-21,07:00:00,1110757409,1681.0
830,86 ST,2015-01-21,11:00:00,959113785,5391.0
831,86 ST,2015-01-21,15:00:00,1110790038,10044.0
832,86 ST,2015-01-21,19:00:00,1006609417,11213.0
833,86 ST,2015-01-21,23:00:00,1110819870,8923.0
834,86 ST,2015-01-22,03:00:00,1110821460,1590.0
835,86 ST,2015-01-22,07:00:00,1110823042,1582.0
836,86 ST,2015-01-22,11:00:00,962019174,6576.0
837,86 ST,2015-01-22,15:00:00,1110855142,9940.0
838,86 ST,2015-01-22,19:00:00,1006641288,11094.0
839,86 ST,2015-01-22,23:00:00,1110885782,9684.0
840,86 ST,2015-01-23,03:00:00,1110887478,1696.0
841,86 ST,2015-01-23,07:00:00,1110888898,1420.0
842,86 ST,2015-01-23,11:00:00,962042942,6466.0
843,86 ST,2015-01-23,15:00:00,1110920950,10794.0
844,86 ST,2015-01-23,19:00:00,1006674465,11382.0
845,86 ST,2015-01-23,23:00:00,1110952916,10777.0
846,86 ST,2015-01-24,03:00:00,1110955606,2690.0
847,86 ST,2015-01-24,07:00:00,1110956091,485.0
848,86 ST,2015-01-24,11:00:00,1110960042,3951.0
849,86 ST,2015-01-24,15:00:00,1110969328,9286.0
850,86 ST,2015-01-24,19:00:00,1110982131,12803.0
851,86 ST,2015-01-24,23:00:00,1110990810,8679.0
852,86 ST,2015-01-25,03:00:00,1110841183,2400.0
853,86 ST,2015-01-25,07:00:00,1110993638,428.0
854,86 ST,2015-01-25,11:00:00,1087300892,2980.0
855,86 ST,2015-01-25,15:00:00,1110854170,9579.0
856,86 ST,2015-01-25,19:00:00,1111016857,10660.0
857,86 ST,2015-01-25,23:00:00,1111022075,5218.0
858,86 ST,2015-01-26,03:00:00,1111023351,1276.0
859,86 ST,2015-01-26,07:00:00,1111025007,1656.0
860,86 ST,2015-01-26,11:00:00,962094189,6764.0
861,86 ST,2015-01-26,15:00:00,1111058891,11900.0
862,86 ST,2015-01-26,19:00:00,1097646969,13900.0
863,86 ST,2015-01-26,23:00:00,1110926493,2796.0
864,86 ST,2015-01-27,03:00:00,1110926562,69.0
865,86 ST,2015-01-27,07:00:00,1110926567,5.0
866,86 ST,2015-01-27,11:00:00,1111081648,3053.0
867,86 ST,2015-01-27,15:00:00,1111085630,3982.0
868,86 ST,2015-01-27,19:00:00,1111091364,5734.0
869,86 ST,2015-01-27,23:00:00,1111095476,4112.0
870,86 ST,2015-01-28,03:00:00,1111096514,1038.0
871,86 ST,2015-01-28,07:00:00,1111098085,1571.0
872,86 ST,2015-01-28,11:00:00,982379852,4481.0
873,86 ST,2015-01-28,15:00:00,1111130444,9599.0
874,86 ST,2015-01-28,19:00:00,1006781031,11011.0
875,86 ST,2015-01-28,23:00:00,1111160472,9393.0
876,86 ST,2015-01-29,03:00:00,1111162176,1704.0
877,86 ST,2015-01-29,07:00:00,1111163848,1672.0
878,86 ST,2015-01-29,11:00:00,957702109,3433.0
879,86 ST,2015-01-29,15:00:00,1111198258,10489.0
880,86 ST,2015-01-29,19:00:00,986860731,10305.0
881,86 ST,2015-01-29,23:00:00,1111229677,9896.0
882,86 ST,2015-01-30,03:00:00,1111231589,1912.0
883,86 ST,2015-01-30,07:00:00,1111233135,1546.0
884,86 ST,2015-01-30,11:00:00,959117364,5318.0
885,86 ST,2015-01-30,15:00:00,1111113832,10866.0
886,86 ST,2015-01-30,19:00:00,1006698755,11763.0
887,86 ST,2015-01-30,23:00:00,1111299031,11545.0
888,86 ST,2015-01-31,03:00:00,1111301556,2525.0
889,86 ST,2015-01-31,07:00:00,1111302016,460.0
890,86 ST,2015-01-31,11:00:00,1111306421,4405.0
891,86 ST,2015-01-31,15:00:00,1111316641,10220.0
892,86 ST,2015-01-31,19:00:00,1111329903,13262.0
893,86 ST,2015-01-31,23:00:00,1111338515,8612.0
894,86 ST,2015-02-01,03:00:00,1111340850,2335.0
895,86 ST,2015-02-01,07:00:00,1111341228,378.0
896,86 ST,2015-02-01,11:00:00,1111344098,2870.0
897,86 ST,2015-02-01,15:00:00,1111352049,7951.0
898,86 ST,2015-02-01,19:00:00,1111363129,11080.0
899,86 ST,2015-02-01,23:00:00,1111368883,5754.0
900,86 ST,2015-02-02,03:00:00,1111370246,1363.0
901,86 ST,2015-02-02,07:00:00,1111371809,1563.0
902,86 ST,2015-02-02,11:00:00,959316149,5365.0
903,86 ST,2015-02-02,15:00:00,1111249975,8344.0
904,86 ST,2015-02-02,19:00:00,1074348059,13232.0
905,86 ST,2015-02-02,23:00:00,1111426934,6990.0
906,86 ST,2015-02-03,03:00:00,1111428144,1210.0
907,86 ST,2015-02-03,07:00:00,1111429761,1617.0
908,86 ST,2015-02-03,11:00:00,940092753,2233.0
909,86 ST,2015-02-03,15:00:00,1111462524,9553.0
910,86 ST,2015-02-03,19:00:00,1006952666,11252.0
911,86 ST,2015-02-03,23:00:00,1111492553,9135.0
912,86 ST,2015-02-04,03:00:00,1111494067,1514.0
913,86 ST,2015-02-04,07:00:00,1111495757,1690.0
914,86 ST,2015-02-04,11:00:00,959357319,5292.0
915,86 ST,2015-02-04,15:00:00,1111377491,10335.0
916,86 ST,2015-02-04,19:00:00,1006986198,11164.0
917,86 ST,2015-02-04,23:00:00,1111560134,9323.0
918,86 ST,2015-02-05,03:00:00,1111561690,1556.0
919,86 ST,2015-02-05,07:00:00,1111563395,1705.0
920,86 ST,2015-02-05,11:00:00,968704377,5871.0
921,86 ST,2015-02-05,15:00:00,1111444278,10216.0
922,86 ST,2015-02-05,19:00:00,1006868571,11429.0
923,86 ST,2015-02-05,23:00:00,1111474807,9569.0
924,86 ST,2015-02-06,03:00:00,1111476431,1624.0
925,86 ST,2015-02-06,07:00:00,1111477927,1496.0
926,86 ST,2015-02-06,11:00:00,940198030,3222.0
927,86 ST,2015-02-06,15:00:00,1111510279,10602.0
928,86 ST,2015-02-06,19:00:00,1006903758,11712.0
929,86 ST,2015-02-06,23:00:00,1111542378,10793.0
930,86 ST,2015-02-07,03:00:00,1111545004,2626.0
931,86 ST,2015-02-07,07:00:00,1111545488,484.0
932,86 ST,2015-02-07,11:00:00,1111550071,4583.0
933,86 ST,2015-02-07,15:00:00,1111560347,10276.0
934,86 ST,2015-02-07,19:00:00,1111573708,13361.0
935,86 ST,2015-02-07,23:00:00,1111582998,9290.0
936,86 ST,2015-02-08,03:00:00,1111585568,2570.0
937,86 ST,2015-02-08,07:00:00,1111585954,386.0
938,86 ST,2015-02-08,11:00:00,1111589062,3108.0
939,86 ST,2015-02-08,15:00:00,1111597763,8701.0
940,86 ST,2015-02-08,19:00:00,1111607820,10057.0
941,86 ST,2015-02-08,23:00:00,1111612712,4892.0
942,86 ST,2015-02-09,03:00:00,1111613973,1261.0
943,86 ST,2015-02-09,07:00:00,1111615595,1622.0
944,86 ST,2015-02-09,11:00:00,959294899,5543.0
945,86 ST,2015-02-09,15:00:00,1111646718,8800.0
946,86 ST,2015-02-09,19:00:00,1033103473,12234.0
947,86 ST,2015-02-09,23:00:00,1111675090,8386.0
948,86 ST,2015-02-10,03:00:00,1111676491,1401.0
949,86 ST,2015-02-10,07:00:00,1111678192,1701.0
950,86 ST,2015-02-10,11:00:00,959084842,4497.0
951,86 ST,2015-02-10,15:00:00,1111710994,9776.0
952,86 ST,2015-02-10,19:00:00,1007006258,11373.0
953,86 ST,2015-02-10,23:00:00,1111741434,9309.0
954,86 ST,2015-02-11,03:00:00,1111742977,1543.0
955,86 ST,2015-02-11,07:00:00,1111744623,1646.0
956,86 ST,2015-02-11,11:00:00,959102750,4414.0
957,86 ST,2015-02-11,15:00:00,1111777805,10017.0
958,86 ST,2015-02-11,19:00:00,1007039498,11222.0
959,86 ST,2015-02-11,23:00:00,1111808367,9564.0
960,86 ST,2015-02-12,03:00:00,1111809977,1610.0
961,86 ST,2015-02-12,07:00:00,1111811593,1616.0
962,86 ST,2015-02-12,11:00:00,959120668,4245.0
963,86 ST,2015-02-12,15:00:00,1111843990,10376.0
964,86 ST,2015-02-12,19:00:00,1007073549,11446.0
965,86 ST,2015-02-12,23:00:00,1111874782,9603.0
966,86 ST,2015-02-13,03:00:00,1111876550,1768.0
967,86 ST,2015-02-13,07:00:00,1111877989,1439.0
968,86 ST,2015-02-13,11:00:00,984135839,6916.0
969,86 ST,2015-02-13,15:00:00,1111909561,10935.0
970,86 ST,2015-02-13,19:00:00,1007108065,11519.0
971,86 ST,2015-02-13,23:00:00,1111940304,9883.0
972,86 ST,2015-02-14,03:00:00,1111942631,2327.0
973,86 ST,2015-02-14,07:00:00,1111943054,423.0
974,86 ST,2015-02-14,11:00:00,1111947177,4123.0
975,86 ST,2015-02-14,15:00:00,1111956814,9637.0
976,86 ST,2015-02-14,19:00:00,1111970107,13293.0
977,86 ST,2015-02-14,23:00:00,1111978790,8683.0
978,86 ST,2015-02-15,03:00:00,1111981198,2408.0
979,86 ST,2015-02-15,07:00:00,1111981569,371.0
980,86 ST,2015-02-15,11:00:00,1111984274,2705.0
981,86 ST,2015-02-15,15:00:00,1111992177,7903.0
982,86 ST,2015-02-15,19:00:00,1112002606,10429.0
983,86 ST,2015-02-15,23:00:00,1112007195,4589.0
984,86 ST,2015-02-16,03:00:00,1112008399,1204.0
985,86 ST,2015-02-16,07:00:00,1112008890,491.0
986,86 ST,2015-02-16,11:00:00,1112015336,6446.0
987,86 ST,2015-02-16,15:00:00,1112024306,8970.0
988,86 ST,2015-02-16,19:00:00,1112038561,14255.0
989,86 ST,2015-02-16,23:00:00,1112044622,6061.0
990,86 ST,2015-02-17,03:00:00,1112045903,1281.0
991,86 ST,2015-02-17,07:00:00,1112047332,1429.0
992,86 ST,2015-02-17,11:00:00,959439797,5007.0
993,86 ST,2015-02-17,15:00:00,1112078329,9721.0
994,86 ST,2015-02-17,19:00:00,1061693456,14253.0
995,86 ST,2015-02-17,23:00:00,1112105482,8314.0
996,86 ST,2015-02-18,03:00:00,1112107007,1525.0
997,86 ST,2015-02-18,07:00:00,1112108452,1445.0
998,86 ST,2015-02-18,11:00:00,959459689,5159.0
999,86 ST,2015-02-18,15:00:00,1112140489,10421.0
1000,86 ST,2015-02-18,19:00:00,1033395408,12613.0
1001,86 ST,2015-02-18,23:00:00,1813535476,8941.0
1002,86 ST,2015-02-19,03:00:00,1813537149,1673.0
1003,86 ST,2015-02-19,07:00:00,1813538545,1396.0
1004,86 ST,2015-02-19,11:00:00,959480787,5290.0
1005,86 ST,2015-02-19,15:00:00,1112206325,10332.0
1006,86 ST,2015-02-19,19:00:00,1033434023,12423.0
1007,86 ST,2015-02-19,23:00:00,1112235575,8801.0
1008,86 ST,2015-02-20,03:00:00,1112237203,1628.0
1009,86 ST,2015-02-20,07:00:00,1112238389,1186.0
1010,86 ST,2015-02-20,11:00:00,959503270,5141.0
1011,86 ST,2015-02-20,15:00:00,1112268173,10050.0
1012,86 ST,2015-02-20,19:00:00,1033470489,12021.0
1013,86 ST,2015-02-20,23:00:00,1112297511,9565.0
1014,86 ST,2015-02-21,03:00:00,1112299858,2347.0
1015,86 ST,2015-02-21,07:00:00,1112300262,404.0
1016,86 ST,2015-02-21,11:00:00,1112304487,4225.0
1017,86 ST,2015-02-21,15:00:00,1112314600,10113.0
1018,86 ST,2015-02-21,19:00:00,1112327253,12653.0
1019,86 ST,2015-02-21,23:00:00,1112332867,8538.0
1020,86 ST,2015-02-22,03:00:00,1112335116,2249.0
1021,86 ST,2015-02-22,07:00:00,1112338409,369.0
1022,86 ST,2015-02-22,11:00:00,1112341281,2872.0
1023,86 ST,2015-02-22,15:00:00,1112346949,8607.0
1024,86 ST,2015-02-22,19:00:00,1112356540,9591.0
1025,86 ST,2015-02-22,23:00:00,1112364269,4790.0
1026,86 ST,2015-02-23,03:00:00,1112365745,1476.0
1027,86 ST,2015-02-23,07:00:00,1112367364,1619.0
1028,86 ST,2015-02-23,11:00:00,959545211,5688.0
1029,86 ST,2015-02-23,15:00:00,1112395710,9042.0
1030,86 ST,2015-02-23,19:00:00,1033548943,12472.0
1031,86 ST,2015-02-23,23:00:00,1112427235,8360.0
1032,86 ST,2015-02-24,03:00:00,1112428599,1364.0
1033,86 ST,2015-02-24,07:00:00,1112430243,1644.0
1034,86 ST,2015-02-24,11:00:00,940439131,3268.0
1035,86 ST,2015-02-24,15:00:00,1112462377,9363.0
1036,86 ST,2015-02-24,19:00:00,1007397679,11083.0
1037,86 ST,2015-02-24,23:00:00,1112492135,9123.0
1038,86 ST,2015-02-25,03:00:00,1112493659,1524.0
1039,86 ST,2015-02-25,07:00:00,1112491280,1730.0
1040,86 ST,2015-02-25,11:00:00,959591435,5649.0
1041,86 ST,2015-02-25,15:00:00,1112524193,10230.0
1042,86 ST,2015-02-25,19:00:00,1033625521,12734.0
1043,86 ST,2015-02-25,23:00:00,1112558771,9152.0
1044,86 ST,2015-02-26,03:00:00,1112560436,1665.0
1045,86 ST,2015-02-26,07:00:00,1112562024,1588.0
1046,86 ST,2015-02-26,11:00:00,959612969,5712.0
1047,86 ST,2015-02-26,15:00:00,1112594430,10100.0
1048,86 ST,2015-02-26,19:00:00,1006510140,11586.0
1049,86 ST,2015-02-26,23:00:00,1112624682,9207.0
1050,86 ST,2015-02-27,03:00:00,1112626439,1757.0
1051,86 ST,2015-02-27,07:00:00,1112623435,1443.0
1052,86 ST,2015-02-27,11:00:00,959634347,5249.0
1053,86 ST,2015-02-27,15:00:00,1112660192,11167.0
1054,86 ST,2015-02-27,19:00:00,1007498790,11673.0
1055,86 ST,2015-02-27,23:00:00,1112692263,10651.0
1056,86 ST,2015-02-28,03:00:00,1112694725,2462.0
1057,86 ST,2015-02-28,07:00:00,1112695222,497.0
1058,86 ST,2015-02-28,11:00:00,1112699706,4484.0
1059,86 ST,2015-02-28,15:00:00,1112710279,10573.0
1060,86 ST,2015-02-28,19:00:00,1112719371,13747.0
1061,86 ST,2015-02-28,23:00:00,1112732816,8790.0
1062,96 ST,2015-01-01,00:00:00,18340762,0.0
1063,96 ST,2015-01-01,04:00:00,85814733,727.0
1064,96 ST,2015-01-01,08:00:00,85815197,464.0
1065,96 ST,2015-01-01,12:00:00,85816535,1338.0
1066,96 ST,2015-01-01,16:00:00,85819260,2725.0
1067,96 ST,2015-01-01,20:00:00,85821603,2343.0
1068,96 ST,2015-01-02,00:00:00,85822711,1108.0
1069,96 ST,2015-01-02,04:00:00,85822901,190.0
1070,96 ST,2015-01-02,08:00:00,85824023,1122.0
1071,96 ST,2015-01-02,12:00:00,85828406,4383.0
1072,96 ST,2015-01-02,16:00:00,85833560,5154.0
1073,96 ST,2015-01-02,20:00:00,70499874,4099.0
1074,96 ST,2015-01-03,00:00:00,85840997,1875.0
1075,96 ST,2015-01-03,04:00:00,85841332,335.0
1076,96 ST,2015-01-03,08:00:00,85841812,480.0
1077,96 ST,2015-01-03,12:00:00,85844039,2227.0
1078,96 ST,2015-01-03,16:00:00,85847211,3172.0
1079,96 ST,2015-01-03,20:00:00,85850200,2989.0
1080,96 ST,2015-01-04,00:00:00,85851718,1518.0
1081,96 ST,2015-01-04,04:00:00,85851987,269.0
1082,96 ST,2015-01-04,08:00:00,85852393,406.0
1083,96 ST,2015-01-04,12:00:00,85854110,1717.0
1084,96 ST,2015-01-04,16:00:00,85856823,2713.0
1085,96 ST,2015-01-04,20:00:00,85858987,2164.0
1086,96 ST,2015-01-05,00:00:00,85860038,1051.0
1087,96 ST,2015-01-05,04:00:00,85860218,180.0
1088,96 ST,2015-01-05,12:00:00,18350536,1279.0
1089,96 ST,2015-01-05,16:00:00,70528336,4817.0
1090,96 ST,2015-01-05,20:00:00,66164931,4524.0
1091,96 ST,2015-01-06,00:00:00,85886109,1653.0
1092,96 ST,2015-01-06,04:00:00,85886289,180.0
1093,96 ST,2015-01-06,08:00:00,85888841,2552.0
1094,96 ST,2015-01-06,12:00:00,70543807,6117.0
1095,96 ST,2015-01-06,16:00:00,70548712,4905.0
1096,96 ST,2015-01-06,20:00:00,51589826,3342.0
1097,96 ST,2015-01-07,00:00:00,85913204,1926.0
1098,96 ST,2015-01-07,04:00:00,85913499,295.0
1099,96 ST,2015-01-07,08:00:00,85915987,2488.0
1100,96 ST,2015-01-07,12:00:00,70564834,6131.0
1101,96 ST,2015-01-07,16:00:00,70569715,4881.0
1102,96 ST,2015-01-07,20:00:00,51601710,3451.0
1103,96 ST,2015-01-08,00:00:00,85940215,1736.0
1104,96 ST,2015-01-08,04:00:00,85940402,187.0
1105,96 ST,2015-01-08,08:00:00,85942851,2449.0
1106,96 ST,2015-01-08,12:00:00,70585656,6043.0
1107,96 ST,2015-01-08,16:00:00,70590149,4493.0
1108,96 ST,2015-01-08,20:00:00,51613023,3218.0
1109,96 ST,2015-01-09,00:00:00,85966345,1910.0
1110,96 ST,2015-01-09,04:00:00,85966565,220.0
1111,96 ST,2015-01-09,08:00:00,85969019,2454.0
1112,96 ST,2015-01-09,12:00:00,47853351,3772.0
1113,96 ST,2015-01-09,16:00:00,85983615,6597.0
1114,96 ST,2015-01-09,20:00:00,66229016,4322.0
1115,96 ST,2015-01-10,00:00:00,85993346,2078.0
1116,96 ST,2015-01-10,04:00:00,85993647,301.0
1117,96 ST,2015-01-10,08:00:00,85994221,574.0
1118,96 ST,2015-01-10,12:00:00,85996732,2511.0
1119,96 ST,2015-01-10,16:00:00,86000319,3587.0
1120,96 ST,2015-01-10,20:00:00,86003619,3300.0
1121,96 ST,2015-01-11,00:00:00,86005349,1730.0
1122,96 ST,2015-01-11,04:00:00,86005623,274.0
1123,96 ST,2015-01-11,08:00:00,86006026,403.0
1124,96 ST,2015-01-11,12:00:00,86007974,1948.0
1125,96 ST,2015-01-11,16:00:00,86010712,2738.0
1126,96 ST,2015-01-11,20:00:00,86013047,2335.0
1127,96 ST,2015-01-12,00:00:00,86014131,1084.0
1128,96 ST,2015-01-12,04:00:00,86014308,177.0
1129,96 ST,2015-01-12,08:00:00,86016895,2587.0
1130,96 ST,2015-01-12,12:00:00,70642798,5959.0
1131,96 ST,2015-01-12,16:00:00,70647458,4660.0
1132,96 ST,2015-01-12,20:00:00,66257314,4463.0
1133,96 ST,2015-01-13,00:00:00,86040395,1771.0
1134,96 ST,2015-01-13,04:00:00,86040612,217.0
1135,96 ST,2015-01-13,08:00:00,86043262,2650.0
1136,96 ST,2015-01-13,12:00:00,70663113,6209.0
1137,96 ST,2015-01-13,16:00:00,70667873,4760.0
1138,96 ST,2015-01-13,20:00:00,51658430,3410.0
1139,96 ST,2015-01-14,00:00:00,86067676,1875.0
1140,96 ST,2015-01-14,04:00:00,86067861,185.0
1141,96 ST,2015-01-14,08:00:00,86070437,2576.0
1142,96 ST,2015-01-14,12:00:00,70684256,6193.0
1143,96 ST,2015-01-14,16:00:00,70689015,4759.0
1144,96 ST,2015-01-14,20:00:00,51670454,3453.0
1145,96 ST,2015-01-15,00:00:00,86094914,1906.0
1146,96 ST,2015-01-15,04:00:00,86095095,181.0
1147,96 ST,2015-01-15,08:00:00,86097618,2523.0
1148,96 ST,2015-01-15,12:00:00,70705171,6142.0
1149,96 ST,2015-01-15,16:00:00,70709952,4781.0
1150,96 ST,2015-01-15,20:00:00,51682335,3409.0
1151,96 ST,2015-01-16,00:00:00,86122156,1985.0
1152,96 ST,2015-01-16,04:00:00,86122368,212.0
1153,96 ST,2015-01-16,08:00:00,86124763,2395.0
1154,96 ST,2015-01-16,12:00:00,70725688,5842.0
1155,96 ST,2015-01-16,16:00:00,70730763,5075.0
1156,96 ST,2015-01-16,20:00:00,51694186,3315.0
1157,96 ST,2015-01-17,00:00:00,86148876,2106.0
1158,96 ST,2015-01-17,04:00:00,86149202,326.0
1159,96 ST,2015-01-17,08:00:00,86149734,532.0
1160,96 ST,2015-01-17,12:00:00,86151860,2126.0
1161,96 ST,2015-01-17,16:00:00,86155169,3309.0
1162,96 ST,2015-01-17,20:00:00,86158476,3307.0
1163,96 ST,2015-01-18,00:00:00,86160275,1799.0
1164,96 ST,2015-01-18,04:00:00,86160550,275.0
1165,96 ST,2015-01-18,08:00:00,86160937,387.0
1166,96 ST,2015-01-18,12:00:00,86162719,1782.0
1167,96 ST,2015-01-18,16:00:00,86165413,2694.0
1168,96 ST,2015-01-18,20:00:00,86167615,2202.0
1169,96 ST,2015-01-19,00:00:00,86168741,1126.0
1170,96 ST,2015-01-19,04:00:00,86168956,215.0
1171,96 ST,2015-01-19,08:00:00,86169924,968.0
1172,96 ST,2015-01-19,12:00:00,86173389,3465.0
1173,96 ST,2015-01-19,16:00:00,86177583,4194.0
1174,96 ST,2015-01-19,20:00:00,86181430,3847.0
1175,96 ST,2015-01-20,00:00:00,86182765,1335.0
1176,96 ST,2015-01-20,04:00:00,86182945,180.0
1177,96 ST,2015-01-20,08:00:00,86185617,2672.0
1178,96 ST,2015-01-20,12:00:00,70772352,6135.0
1179,96 ST,2015-01-20,16:00:00,70777183,4831.0
1180,96 ST,2015-01-20,20:00:00,66358690,4758.0
1181,96 ST,2015-01-21,00:00:00,86210084,1856.0
1182,96 ST,2015-01-21,04:00:00,86210283,199.0
1183,96 ST,2015-01-21,08:00:00,86212956,2673.0
1184,96 ST,2015-01-21,12:00:00,70793469,6197.0
1185,96 ST,2015-01-21,16:00:00,70798179,4710.0
1186,96 ST,2015-01-21,20:00:00,51734383,3332.0
1187,96 ST,2015-01-22,00:00:00,86237172,1808.0
1188,96 ST,2015-01-22,04:00:00,86237395,223.0
1189,96 ST,2015-01-22,08:00:00,86239950,2555.0
1190,96 ST,2015-01-22,12:00:00,70814283,6343.0
1191,96 ST,2015-01-22,16:00:00,70819005,4722.0
1192,96 ST,2015-01-22,20:00:00,66390800,4713.0
1193,96 ST,2015-01-23,00:00:00,86264568,2064.0
1194,96 ST,2015-01-23,04:00:00,86264792,224.0
1195,96 ST,2015-01-23,08:00:00,86267274,2482.0
1196,96 ST,2015-01-23,12:00:00,70834854,5974.0
1197,96 ST,2015-01-23,16:00:00,70839825,4971.0
1198,96 ST,2015-01-23,20:00:00,66406773,4614.0
1199,96 ST,2015-01-24,00:00:00,86291875,2370.0
1200,96 ST,2015-01-24,04:00:00,86292195,320.0
1201,96 ST,2015-01-24,08:00:00,86292754,559.0
1202,96 ST,2015-01-24,12:00:00,86295019,2265.0
1203,96 ST,2015-01-24,16:00:00,86298282,3263.0
1204,96 ST,2015-01-24,20:00:00,86301678,3396.0
1205,96 ST,2015-01-25,00:00:00,86303540,1862.0
1206,96 ST,2015-01-25,04:00:00,86303846,306.0
1207,96 ST,2015-01-25,08:00:00,86304279,433.0
1208,96 ST,2015-01-25,12:00:00,86306377,2098.0
1209,96 ST,2015-01-25,16:00:00,86309513,3136.0
1210,96 ST,2015-01-25,20:00:00,86312062,2549.0
1211,96 ST,2015-01-26,00:00:00,86313130,1068.0
1212,96 ST,2015-01-26,04:00:00,86313327,197.0
1213,96 ST,2015-01-26,08:00:00,86315930,2603.0
1214,96 ST,2015-01-26,12:00:00,66427684,4940.0
1215,96 ST,2015-01-26,16:00:00,66432095,4411.0
1216,96 ST,2015-01-26,20:00:00,86336377,4733.0
1217,96 ST,2015-01-27,00:00:00,86337077,700.0
1218,96 ST,2015-01-27,04:00:00,86337078,1.0
1219,96 ST,2015-01-27,08:00:00,86337082,4.0
1220,96 ST,2015-01-27,12:00:00,86338691,1609.0
1221,96 ST,2015-01-27,16:00:00,86340428,1737.0
1222,96 ST,2015-01-27,20:00:00,86342880,2452.0
1223,96 ST,2015-01-28,00:00:00,86343986,1106.0
1224,96 ST,2015-01-28,04:00:00,86344130,144.0
1225,96 ST,2015-01-28,08:00:00,86346803,2673.0
1226,96 ST,2015-01-28,12:00:00,29070256,1955.0
1227,96 ST,2015-01-28,16:00:00,86360523,5656.0
1228,96 ST,2015-01-28,20:00:00,66454875,4752.0
1229,96 ST,2015-01-29,00:00:00,86370965,1992.0
1230,96 ST,2015-01-29,04:00:00,86371142,177.0
1231,96 ST,2015-01-29,08:00:00,86373809,2667.0
1232,96 ST,2015-01-29,12:00:00,66462663,4989.0
1233,96 ST,2015-01-29,16:00:00,70922462,4271.0
1234,96 ST,2015-01-29,20:00:00,66470630,4786.0
1235,96 ST,2015-01-30,00:00:00,86398743,2196.0
1236,96 ST,2015-01-30,04:00:00,86398910,167.0
1237,96 ST,2015-01-30,08:00:00,86401334,2424.0
1238,96 ST,2015-01-30,12:00:00,70938732,6046.0
1239,96 ST,2015-01-30,16:00:00,86414984,5957.0
1240,96 ST,2015-01-30,20:00:00,66486469,4708.0
1241,96 ST,2015-01-31,00:00:00,86425562,2467.0
1242,96 ST,2015-01-31,04:00:00,86425880,318.0
1243,96 ST,2015-01-31,08:00:00,86426482,602.0
1244,96 ST,2015-01-31,12:00:00,86429240,2758.0
1245,96 ST,2015-01-31,16:00:00,86432931,3691.0
1246,96 ST,2015-01-31,20:00:00,86436707,3776.0
1247,96 ST,2015-02-01,00:00:00,86438607,1900.0
1248,96 ST,2015-02-01,04:00:00,86438946,339.0
1249,96 ST,2015-02-01,08:00:00,86439400,454.0
1250,96 ST,2015-02-01,12:00:00,86441460,2060.0
1251,96 ST,2015-02-01,16:00:00,86444491,3031.0
1252,96 ST,2015-02-01,20:00:00,86447382,2891.0
1253,96 ST,2015-02-02,00:00:00,86449004,1622.0
1254,96 ST,2015-02-02,04:00:00,86449204,200.0
1255,96 ST,2015-02-02,08:00:00,86451656,2452.0
1256,96 ST,2015-02-02,12:00:00,70977257,5967.0
1257,96 ST,2015-02-02,16:00:00,70981461,4204.0
1258,96 ST,2015-02-02,20:00:00,66516282,4304.0
1259,96 ST,2015-02-03,00:00:00,86474026,1578.0
1260,96 ST,2015-02-03,04:00:00,86474224,198.0
1261,96 ST,2015-02-03,08:00:00,86477107,2883.0
1262,96 ST,2015-02-03,12:00:00,51847708,3164.0
1263,96 ST,2015-02-03,16:00:00,71002272,4904.0
1264,96 ST,2015-02-03,20:00:00,51854038,3538.0
1265,96 ST,2015-02-04,00:00:00,86502890,2145.0
1266,96 ST,2015-02-04,04:00:00,86503124,234.0
1267,96 ST,2015-02-04,08:00:00,86506033,2909.0
1268,96 ST,2015-02-04,12:00:00,13633981,1329.0
1269,96 ST,2015-02-04,16:00:00,71024902,4989.0
1270,96 ST,2015-02-04,20:00:00,51867116,3607.0
1271,96 ST,2015-02-05,00:00:00,86532485,2042.0
1272,96 ST,2015-02-05,04:00:00,86532696,211.0
1273,96 ST,2015-02-05,08:00:00,86535540,2844.0
1274,96 ST,2015-02-05,12:00:00,37897076,3982.0
1275,96 ST,2015-02-05,16:00:00,71047320,4963.0
1276,96 ST,2015-02-05,20:00:00,51879984,3688.0
1277,96 ST,2015-02-06,00:00:00,86561877,2243.0
1278,96 ST,2015-02-06,04:00:00,86562093,216.0
1279,96 ST,2015-02-06,08:00:00,86564717,2624.0
1280,96 ST,2015-02-06,12:00:00,71064845,6630.0
1281,96 ST,2015-02-06,16:00:00,71070150,5305.0
1282,96 ST,2015-02-06,20:00:00,51892659,3335.0
1283,96 ST,2015-02-07,00:00:00,86590265,2356.0
1284,96 ST,2015-02-07,04:00:00,86590596,331.0
1285,96 ST,2015-02-07,08:00:00,86591177,581.0
1286,96 ST,2015-02-07,12:00:00,86593951,2774.0
1287,96 ST,2015-02-07,16:00:00,86597573,3622.0
1288,96 ST,2015-02-07,20:00:00,86601153,3580.0
1289,96 ST,2015-02-08,00:00:00,86603102,1949.0
1290,96 ST,2015-02-08,04:00:00,86603452,350.0
1291,96 ST,2015-02-08,08:00:00,86603930,478.0
1292,96 ST,2015-02-08,12:00:00,86606086,2156.0
1293,96 ST,2015-02-08,16:00:00,68138352,2537.0
1294,96 ST,2015-02-08,20:00:00,86611616,2993.0
1295,96 ST,2015-02-09,00:00:00,86612676,1060.0
1296,96 ST,2015-02-09,04:00:00,86612845,169.0
1297,96 ST,2015-02-09,08:00:00,86615580,2735.0
1298,96 ST,2015-02-09,12:00:00,71104499,6458.0
1299,96 ST,2015-02-09,16:00:00,71109332,4833.0
1300,96 ST,2015-02-09,20:00:00,66615934,4609.0
1301,96 ST,2015-02-10,00:00:00,86639887,1904.0
1302,96 ST,2015-02-10,04:00:00,86640072,185.0
1303,96 ST,2015-02-10,08:00:00,86642917,2845.0
1304,96 ST,2015-02-10,12:00:00,13653104,1260.0
1305,96 ST,2015-02-10,16:00:00,86657956,6531.0
1306,96 ST,2015-02-10,20:00:00,51929126,3444.0
1307,96 ST,2015-02-11,00:00:00,86668807,2206.0
1308,96 ST,2015-02-11,04:00:00,86669002,195.0
1309,96 ST,2015-02-11,08:00:00,86671815,2813.0
1310,96 ST,2015-02-11,12:00:00,13656989,1298.0
1311,96 ST,2015-02-11,16:00:00,71154095,5140.0
1312,96 ST,2015-02-11,20:00:00,51941974,3530.0
1313,96 ST,2015-02-12,00:00:00,86698329,2255.0
1314,96 ST,2015-02-12,04:00:00,86698541,212.0
1315,96 ST,2015-02-12,08:00:00,86701195,2654.0
1316,96 ST,2015-02-12,20:00:00,51954612,3438.0
1317,96 ST,2015-02-13,00:00:00,86726728,2185.0
1318,96 ST,2015-02-13,04:00:00,86726955,227.0
1319,96 ST,2015-02-13,08:00:00,86729424,2469.0
1320,96 ST,2015-02-13,12:00:00,71193067,6146.0
1321,96 ST,2015-02-13,16:00:00,71198388,5321.0
1322,96 ST,2015-02-13,20:00:00,66684648,4534.0
1323,96 ST,2015-02-14,00:00:00,86753974,2240.0
1324,96 ST,2015-02-14,04:00:00,86754313,339.0
1325,96 ST,2015-02-14,08:00:00,86754879,566.0
1326,96 ST,2015-02-14,12:00:00,86757435,2556.0
1327,96 ST,2015-02-14,16:00:00,86761018,3583.0
1328,96 ST,2015-02-14,20:00:00,86764271,3253.0
1329,96 ST,2015-02-15,00:00:00,86766000,1729.0
1330,96 ST,2015-02-15,04:00:00,86766261,261.0
1331,96 ST,2015-02-15,08:00:00,86766698,437.0
1332,96 ST,2015-02-15,12:00:00,86768623,1925.0
1333,96 ST,2015-02-15,16:00:00,86771515,2892.0
1334,96 ST,2015-02-15,20:00:00,86773915,2400.0
1335,96 ST,2015-02-16,00:00:00,86774937,1022.0
1336,96 ST,2015-02-16,04:00:00,86775121,184.0
1337,96 ST,2015-02-16,08:00:00,86775955,834.0
1338,96 ST,2015-02-16,12:00:00,86778960,3005.0
1339,96 ST,2015-02-16,16:00:00,86782262,3302.0
1340,96 ST,2015-02-16,20:00:00,86785728,3466.0
1341,96 ST,2015-02-17,00:00:00,86787003,1275.0
1342,96 ST,2015-02-17,04:00:00,86787178,175.0
1343,96 ST,2015-02-17,08:00:00,86789447,2269.0
1344,96 ST,2015-02-17,12:00:00,56515001,4843.0
1345,96 ST,2015-02-17,16:00:00,86802090,4998.0
1346,96 ST,2015-02-17,20:00:00,66720843,4428.0
1347,96 ST,2015-02-18,00:00:00,86811552,1887.0
1348,96 ST,2015-02-18,04:00:00,86811734,182.0
1349,96 ST,2015-02-18,08:00:00,86814132,2398.0
1350,96 ST,2015-02-18,12:00:00,71259533,6255.0
1351,96 ST,2015-02-18,16:00:00,86827388,5475.0
1352,96 ST,2015-02-18,20:00:00,66736275,4440.0
1353,96 ST,2015-02-19,00:00:00,86837402,1959.0
1354,96 ST,2015-02-19,04:00:00,86837601,199.0
1355,96 ST,2015-02-19,08:00:00,86839925,2324.0
1356,96 ST,2015-02-19,12:00:00,71279237,6164.0
1357,96 ST,2015-02-19,16:00:00,86852667,5018.0
1358,96 ST,2015-02-19,20:00:00,52016927,3163.0
1359,96 ST,2015-02-20,00:00:00,86862687,2048.0
1360,96 ST,2015-02-20,04:00:00,86862896,209.0
1361,96 ST,2015-02-20,08:00:00,86865044,2148.0
1362,96 ST,2015-02-20,12:00:00,71298273,5740.0
1363,96 ST,2015-02-20,16:00:00,86877562,5332.0
1364,96 ST,2015-02-20,20:00:00,71308280,5829.0
1365,96 ST,2015-02-21,00:00:00,86886772,1982.0
1366,96 ST,2015-02-21,04:00:00,86887075,303.0
1367,96 ST,2015-02-21,08:00:00,86887672,597.0
1368,96 ST,2015-02-21,12:00:00,86890323,2651.0
1369,96 ST,2015-02-21,16:00:00,86893822,3499.0
1370,96 ST,2015-02-21,20:00:00,86897053,3231.0
1371,96 ST,2015-02-22,00:00:00,86898766,1713.0
1372,96 ST,2015-02-22,04:00:00,86899070,304.0
1373,96 ST,2015-02-22,08:00:00,86899510,440.0
1374,96 ST,2015-02-22,12:00:00,86901699,2189.0
1375,96 ST,2015-02-22,16:00:00,86904790,3091.0
1376,96 ST,2015-02-22,20:00:00,86907260,2470.0
1377,96 ST,2015-02-23,00:00:00,86908283,1023.0
1378,96 ST,2015-02-23,04:00:00,86908505,222.0
1379,96 ST,2015-02-23,08:00:00,86911223,2718.0
1380,96 ST,2015-02-23,12:00:00,56592118,5198.0
1381,96 ST,2015-02-23,16:00:00,86925503,6179.0
1382,96 ST,2015-02-23,20:00:00,52052101,3484.0
1383,96 ST,2015-02-24,00:00:00,86935927,1878.0
1384,96 ST,2015-02-24,04:00:00,86936104,177.0
1385,96 ST,2015-02-24,08:00:00,86938954,2850.0
1386,96 ST,2015-02-24,12:00:00,47810460,3691.0
1387,96 ST,2015-02-24,16:00:00,71362362,4962.0
1388,96 ST,2015-02-24,20:00:00,52064404,3384.0
1389,96 ST,2015-02-25,00:00:00,86964097,2011.0
1390,96 ST,2015-02-25,04:00:00,86964291,194.0
1391,96 ST,2015-02-25,08:00:00,86967050,2759.0
1392,96 ST,2015-02-25,12:00:00,51537707,5243.0
1393,96 ST,2015-02-25,16:00:00,86981721,6411.0
1394,96 ST,2015-02-25,20:00:00,52077186,3606.0
1395,96 ST,2015-02-26,00:00:00,86992697,2117.0
1396,96 ST,2015-02-26,04:00:00,86992904,207.0
1397,96 ST,2015-02-26,08:00:00,86995572,2668.0
1398,96 ST,2015-02-26,12:00:00,71401575,6428.0
1399,96 ST,2015-02-26,16:00:00,71406745,5170.0
1400,96 ST,2015-02-26,20:00:00,52089838,3524.0
1401,96 ST,2015-02-27,00:00:00,87021290,2207.0
1402,96 ST,2015-02-27,04:00:00,87021510,220.0
1403,96 ST,2015-02-27,08:00:00,87024012,2502.0
1404,96 ST,2015-02-27,12:00:00,71423416,6208.0
1405,96 ST,2015-02-27,16:00:00,71428736,5320.0
1406,96 ST,2015-02-27,20:00:00,52102189,3359.0
1407,96 ST,2015-02-28,00:00:00,87049496,2351.0
1408,96 ST,2015-02-28,04:00:00,87049830,334.0
1409,96 ST,2015-02-28,08:00:00,87050410,580.0
1410,96 ST,2015-02-28,12:00:00,87053097,2687.0
1411,96 ST,2015-02-28,16:00:00,87056882,3785.0
1412,96 ST,2015-02-28,20:00:00,87060517,3635.0
